id,label
48,1
68,1
76,1
155,0
167,1
190,0
207,1
208,0
212,0
233,1
239,0
269,1
292,0
298,1
315,0
333,1
334,1
368,0
401,1
457,1
463,1
497,0
498,1
517,0
533,1
543,1
552,0
570,1
622,1
652,1
666,1
669,1
677,0
681,0
688,1
709,0
734,1
800,1
843,1
857,1
928,0
973,0
975,1
1038,1
1045,0
1062,1
1090,0
1113,1
1115,0
1119,0
1135,0
1150,0
1173,1
1186,1
1211,0
1218,1
1223,0
1323,0
1345,0
1373,0
1376,1
1378,1
1380,1
1381,1
1386,1
1392,1
1408,0
1468,0
1477,1
1486,1
1508,1
1511,1
1512,1
1534,0
1545,1
1558,1
1595,0
1632,1
1646,0
1672,0
1722,0
1752,1
1777,1
1801,0
1810,1
1821,1
1823,1
1849,1
1884,0
1905,1
1918,0
1939,0
1948,0
1977,0
1991,1
2003,1
2030,0
2064,0
2069,1
2072,0
2075,0
2104,1
2123,1
2158,1
2188,1
2198,1
2209,1
2248,0
2255,0
2323,1
2351,0
2389,0
2436,0
2493,0
2494,1
2504,0
2518,0
2526,0
2528,0
2529,1
2540,1
2547,1
2598,1
2651,1
2677,0
2683,1
2732,1
2794,0
2831,0
2857,1
2879,1
2895,1
2923,1
2935,1
3031,1
3066,1
3071,1
3078,0
3098,0
3106,0
3122,1
3137,0
3143,1
3144,1
3165,1
3172,1
3226,0
3229,1
3236,1
3266,1
3283,1
3286,1
3288,0
3294,0
3299,1
3322,0
3360,0
3398,0
3399,1
3404,0
3430,0
3458,1
3514,1
3554,0
3600,0
3609,0
3648,1
3657,1
3658,0
3664,0
3667,1
3674,0
3686,0
3710,1
3742,0
3748,0
3759,1
3785,1
3787,1
3967,0
3972,1
3992,1
3995,0
4006,1
4017,0
4037,0
4039,0
4063,1
4096,0
4107,0
4139,0
4164,0
4175,1
4237,1
4299,0
4304,1
4311,0
4319,0
4321,0
4342,1
4400,1
4418,1
4430,1
4461,0
4495,0
4522,1
4539,1
4558,0
4583,1
4613,0
4615,1
4705,1
4720,1
4732,0
4733,0
4739,0
4777,0
4818,1
4823,1
4830,0
4863,0
4864,1
4897,1
4905,1
4910,0
4924,1
4931,1
4945,1
4986,0
4987,0
5022,0
5036,1
5037,1
5063,0
5069,0
5147,0
5148,1
5219,0
5274,1
5320,0
5337,0
5357,0
5373,0
5433,1
5436,0
5437,1
5439,1
5442,1
5453,0
5489,1
5504,1
5520,0
5522,1
5533,0
5542,1
5546,1
5577,1
5621,1
5623,1
5642,1
5650,0
5703,1
5707,1
5710,1
5720,0
5724,0
5759,1
5762,0
5790,0
5801,1
5812,1
5835,1
5844,0
5865,0
5891,1
5896,1
5917,0
5919,1
5921,1
5930,0
5991,1
6076,1
6099,0
6104,1
6147,1
6214,0
6230,0
6272,0
6299,1
6322,0
6326,1
6398,0
6407,0
6433,0
6473,1
6494,1
6500,0
6502,0
6503,0
6520,0
6543,0
6673,1
6681,0
6820,1
6834,0
6835,1
6846,0
6867,1
6879,0
6972,1
6973,0
6975,0
6980,1
7039,0
7047,0
7088,1
7121,1
7132,1
7137,1
7143,1
7160,0
7187,1
7188,0
7255,1
7283,1
7306,0
7314,1
7332,0
7363,0
7395,1
7398,1
7452,0
7458,1
7482,1
7526,1
7545,1
7566,0
7595,0
7615,1
7634,1
7677,0
7685,0
7696,0
7737,0
7768,0
7852,1
7859,1
7877,0
7934,1
7979,0
7987,1
8021,1
8113,0
8140,1
8152,0
8163,1
8239,1
8257,1
8284,1
8292,0
8311,1
8320,0
8335,1
8390,0
8415,0
8463,1
8528,0
8538,1
8550,0
8566,0
8580,1
8594,1
8604,1
8635,1
8650,0
8664,1
8670,1
8688,1
8764,0
8774,0
8777,1
8786,0
8880,1
8899,1
8909,0
8955,1
8979,0
9006,0
9018,1
9029,1
9056,0
9087,0
9098,0
9109,1
9153,0
9154,0
9166,0
9359,0
9389,1
9416,1
9439,1
9457,1
9483,0
9486,1
9540,0
9558,0
9598,1
9646,1
9651,0
9680,1
9684,0
9744,1
9752,0
9761,0
9763,1
9764,0
9785,0
9829,1
9843,0
9849,0
9851,0
9866,1
9873,0
9920,1
9927,1
9939,1
9944,0
9954,1
9990,0
10009,0
10050,1
10075,1
10085,0
10088,0
10131,1
10150,1
10173,0
10229,1
10293,0
10296,1
10298,0
10306,0
10368,0
10406,1
10412,0
10417,0
10439,0
10458,0
10464,1
10517,1
10519,1
10527,1
10558,0
10641,1
10669,0
10672,1
10679,0
10701,0
10744,0
10752,1
10792,1
10814,0
10828,1
10859,0
10863,0
10874,0
10914,1
10925,1
10937,1
10965,0
10967,0
10974,0
11026,0
11029,0
11080,0
11106,0
11113,0
11124,0
11149,0
11151,0
11168,0
11181,1
11213,0
11240,1
11250,1
11260,0
11344,1
11353,0
11366,0
11377,1
11384,0
11403,0
11425,0
11430,1
11454,0
11466,1
11471,0
11473,0
11487,1
11537,0
11538,1
11552,0
11642,1
11694,1
11748,1
11757,1
11761,1
11780,1
11793,0
11801,0
11805,1
11839,1
11843,0
11862,0
11878,0
11880,1
11906,1
11928,0
11941,0
11955,0
11960,0
11977,0
11983,1
11987,0
12002,0
12065,0
12076,1
12102,1
12120,0
12177,1
12180,1
12187,0
12198,1
12209,0
12244,0
12285,1
12329,1
12353,0
12355,0
12379,0
12380,1
12409,0
12420,0
12434,1
12443,1
12498,0
12503,1
12507,0
12542,0
12552,1
12615,1
12627,1
12649,1
12694,1
12699,1
12708,0
12712,1
12734,0
12736,0
12745,1
12769,1
12824,1
12858,0
12902,1
12944,1
12958,0
12960,0
12984,0
13015,0
13033,1
13046,1
13057,0
13065,0
13107,0
13122,0
13126,0
13136,0
13215,1
13266,0
13317,0
13331,0
13352,1
13361,1
13422,1
13436,1
13470,1
13481,1
13487,1
13491,0
13503,1
13519,0
13521,0
13566,1
13658,0
13671,0
13679,0
13698,0
13713,1
13824,1
13825,0
13893,1
13901,1
13939,1
13999,0
14007,1
14013,0
14024,0
14041,1
14044,0
14099,1
14111,1
14116,0
14129,1
14182,0
14233,1
14243,0
14340,0
14351,1
14359,1
14408,0
14420,1
14435,1
14437,0
14443,0
14467,0
14480,0
14510,1
14579,1
14639,0
14660,1
14706,0
14711,1
14714,1
14721,0
14765,1
14788,0
14808,1
14813,1
14825,0
14828,1
14880,1
14890,1
14899,1
14900,0
14956,1
14964,0
15039,1
15064,0
15082,0
15090,0
15092,0
15099,1
15105,1
15114,1
15124,1
15133,1
15145,0
15228,0
15266,0
15267,1
15289,0
15347,0
15396,0
15409,0
15410,0
15437,1
15450,0
15459,0
15468,0
15561,0
15602,0
15612,1
15659,1
15664,0
15665,1
15678,1
15701,1
15730,0
15742,0
15743,0
15771,0
15822,0
15860,1
15867,1
15896,0
15906,1
15914,1
15920,0
15937,0
15944,1
15946,1
16005,0
16012,0
16019,0
16036,1
16037,1
16067,1
16071,0
16097,1
16201,1
16208,1
16254,0
16290,0
16318,1
16321,1
16330,1
16361,1
16428,1
16448,1
16493,1
16535,0
16630,0
16633,0
16639,1
16640,0
16676,1
16696,0
16697,1
16705,1
16715,0
16723,1
16729,0
16748,1
16754,1
16765,1
16769,0
16778,0
16800,1
16840,0
16848,1
16892,1
16941,0
16958,0
16964,1
16994,0
17042,0
17053,0
17071,0
17089,0
17092,1
17199,1
17218,0
17222,1
17254,0
17259,1
17274,0
17304,0
17315,1
17318,0
17325,0
17330,0
17332,1
17337,0
17341,0
17382,0
17386,1
17390,1
17391,0
17400,1
17429,1
17440,1
17458,1
17461,0
17491,0
17504,0
17505,1
17516,1
17524,1
17562,1
17592,1
17599,1
17623,0
17659,1
17665,0
17681,1
17698,0
17713,0
17720,1
17724,0
17780,1
17791,1
17926,0
17963,1
18010,1
18017,1
18048,0
18092,0
18131,1
18134,0
18207,0
18231,0
18240,1
18261,0
18263,1
18289,1
18310,1
18349,0
18350,1
18359,1
18371,0
18372,0
18481,0
18525,0
18528,1
18536,0
18564,0
18568,0
18586,0
18641,1
18653,1
18671,0
18682,0
18690,0
18705,0
18720,1
18778,0
18780,0
18789,0
18826,1
18880,1
18893,0
18914,1
18921,1
18943,1
18962,1
18965,1
19005,1
19010,1
19028,1
19092,0
19094,0
19096,1
19122,0
19169,0
19184,1
19199,0
19207,0
19209,1
19255,0
19293,0
19299,1
19340,1
19366,0
19403,0
19407,1
19413,0
19426,0
19434,1
19457,0
19487,1
19490,1
19497,0
19535,0
19539,1
19547,1
19565,1
19595,0
19621,1
19626,1
19658,1
19662,0
19764,1
19929,0
19965,0
19975,1
20057,0
20074,1
20081,1
20086,1
20093,0
20101,0
20174,0
20191,0
20214,1
20216,1
20296,0
20300,1
20363,0
20374,1
20376,1
20396,1
20430,0
20433,0
20454,1
20458,0
20464,0
20496,1
20499,0
20531,0
20549,1
20570,0
20599,0
20624,0
20636,1
20653,1
20680,0
20717,0
20734,0
20735,0
20755,1
20783,0
20789,1
20812,0
20815,1
20825,0
20831,1
20859,0
20862,0
20904,0
20907,0
20940,1
20941,1
20977,0
21008,0
21041,0
21054,0
21075,1
21125,0
21133,1
21178,0
21192,1
21217,1
21219,0
21260,1
21288,1
21344,0
21372,1
21469,1
21495,1
21515,0
21538,1
21548,1
21552,1
21569,1
21577,1
21609,0
21629,1
21633,1
21654,1
21669,0
21691,0
21728,0
21743,0
21744,0
21767,0
21799,1
21835,1
21857,0
21875,0
22072,0
22088,1
22167,1
22170,1
22172,0
22195,1
22220,0
22225,1
22241,0
22267,0
22273,0
22280,0
22329,1
22346,1
22373,1
22374,0
22412,1
22413,1
22450,0
22455,0
22467,1
22485,0
22499,1
22501,0
22510,1
22519,0
22567,0
22623,1
22625,0
22704,1
22739,0
22743,1
22752,1
22754,0
22756,0
22773,0
22774,1
22804,1
22828,0
22853,0
22882,1
22918,1
22950,1
23002,1
23008,0
23059,0
23074,0
23091,1
23151,1
23155,1
23162,1
23167,0
23235,0
23270,1
23286,1
23298,1
23340,0
23344,1
23373,0
23397,0
23398,0
23415,0
23429,1
23462,1
23517,1
23522,1
23540,1
23547,1
23569,1
23570,0
23585,0
23602,0
23609,1
23620,0
23661,0
23667,0
23672,0
23683,1
23707,1
23714,1
23725,0
23761,1
23766,0
23776,1
23791,1
23844,0
23854,1
23860,1
23873,0
23898,1
23899,1
23927,0
23930,0
23976,1
23981,1
24006,0
24014,1
24027,1
24031,0
24053,0
24060,1
24096,1
24101,1
24126,1
24164,1
24173,1
24185,0
24267,1
24327,1
24372,1
24373,0
24384,0
24430,0
24450,1
24515,1
24553,1
24555,1
24603,1
24612,0
24648,1
24676,0
24719,1
24787,0
24821,0
24849,1
24861,1
24875,0
24889,0
24906,0
24916,0
24971,1
24988,1
25016,0
25045,1
25090,0
25098,1
25099,0
25104,1
25163,0
25167,0
25194,0
25207,1
25247,1
25304,0
25335,0
25349,0
25386,1
25427,1
25433,1
25449,0
25465,0
25478,0
25480,0
25485,1
25518,0
25561,0
25577,0
25585,1
25591,1
25602,0
25604,1
25610,0
25646,1
25655,0
25656,1
25665,0
25717,1
25726,0
25781,1
25794,0
25808,0
25818,0
25895,1
25912,1
25913,1
25980,0
25982,0
26019,0
26111,1
26114,0
26139,1
26150,1
26168,1
26177,1
26181,0
26212,0
26227,1
26230,0
26247,0
26291,0
26303,0
26310,0
26324,1
26331,0
26353,1
26358,1
26448,1
26460,1
26496,0
26543,0
26568,1
26580,0
26601,0
26605,1
26633,1
26663,0
26676,0
26682,1
26760,0
26777,0
26792,1
26863,1
26885,1
26891,0
26903,1
26904,0
26923,1
26928,0
26948,1
26951,1
26972,0
26999,0
27056,0
27121,1
27131,1
27189,1
27210,0
27249,1
27250,1
27300,0
27307,0
27378,1
27394,1
27401,0
27433,0
27440,1
27459,1
27497,0
27498,1
27508,1
27550,1
27553,1
27599,0
27608,0
27611,0
27618,1
27641,0
27653,1
27662,1
27667,1
27708,1
27718,0
27723,0
27733,1
27810,0
27835,1
27862,0
27865,1
27896,1
27906,0
27916,1
27952,1
27964,1
28021,0
28111,0
28150,1
28157,0
28158,1
28177,0
28194,1
28202,0
28219,1
28230,1
28232,0
28261,0
28305,0
28340,1
28345,1
28373,0
28379,0
28392,1
28433,1
28439,1
28460,0
28478,1
28502,1
28512,1
28570,0
28593,0
28608,0
28614,0
28672,0
28719,0
28741,1
28746,0
28753,1
28764,0
28815,1
28861,0
28862,1
28865,0
28875,0
28885,0
28888,1
28931,0
28956,1
28967,0
28983,1
29044,0
29083,0
29137,1
29142,0
29159,0
29172,1
29173,0
29181,1
29248,0
29249,1
29282,0
29308,0
29426,1
29465,0
29470,0
29563,1
29564,1
29626,1
29682,1
29696,1
29699,1
29700,1
29726,1
29742,1
29756,1
29759,0
29769,0
29773,1
29804,1
29832,1
29862,0
29878,0
29903,1
29929,1
29947,0
29955,0
29967,1
30004,0
30034,0
30068,1
30172,1
30178,0
30180,0
30183,0
30196,0
30238,0
30252,0
30269,1
30273,0
30323,0
30343,0
30366,0
30397,0
30403,1
30411,1
30418,0
30420,0
30478,1
30485,1
30514,1
30538,0
30564,1
30567,0
30596,1
30621,1
30635,1
30654,0
30689,1
30698,1
30725,0
30741,0
30775,1
30785,0
30789,0
30802,0
30827,0
30973,0
31033,0
31186,0
31239,0
31246,0
31254,1
31283,0
31299,1
31333,0
31345,1
31411,0
31439,1
31453,1
31463,0
31495,0
31498,1
31501,0
31503,0
31504,1
31535,0
31537,1
31581,1
31592,0
31619,0
31650,0
31651,1
31662,0
31675,1
31695,0
31758,0
31761,0
31784,1
31793,1
31802,0
31810,1
31901,0
31902,0
31918,1
31919,0
31928,0
31929,0
31993,1
32025,1
32036,1
32038,0
32042,1
32043,1
32106,0
32136,0
32176,0
32190,0
32215,1
32225,0
32227,0
32257,1
32293,1
32326,0
32367,1
32482,0
32511,0
32517,1
32585,0
32590,0
32595,0
32596,1
32659,1
32696,1
32736,1
32739,1
32751,1
32827,1
32828,0
32832,1
32833,0
32834,0
32864,0
32897,0
32904,1
32960,0
32962,0
32965,0
32975,1
33021,0
33027,0
33061,0
33068,1
33158,0
33212,1
33217,1
33221,1
33226,1
33256,0
33332,0
33341,0
33358,0
33375,1
33377,0
33385,0
33407,1
33446,1
33498,1
33506,0
33522,0
33528,1
33614,1
33626,0
33641,0
33663,0
33716,0
33843,0
33859,1
33882,0
33913,0
33944,1
33948,1
33975,1
34005,0
34026,1
34046,1
34058,1
34084,0
34100,0
34168,1
34179,0
34228,0
34246,1
34251,1
34252,1
34253,1
34258,0
34267,1
34269,1
34330,1
34348,0
34352,1
34446,0
34469,1
34506,1
34575,0
34580,1
34594,1
34599,1
34676,1
34709,1
34735,0
34754,1
34764,1
34767,0
34789,0
34815,1
34825,0
34839,1
34846,0
34875,1
34889,0
34943,1
34975,0
35018,1
35059,1
35062,1
35076,0
35096,1
35100,1
35114,1
35122,1
35239,0
35267,1
35282,0
35349,0
35354,0
35359,1
35364,1
35419,1
35423,0
35425,0
35426,0
35433,1
35452,1
35459,0
35477,1
35518,1
35557,1
35588,1
35619,0
35623,0
35639,1
35642,0
35664,1
35678,1
35695,1
35784,1
35800,0
35816,1
35921,1
35928,1
35967,0
35973,1
35974,0
36003,1
36010,0
36037,0
36117,0
36155,0
36162,0
36188,1
36223,0
36263,0
36264,1
36319,1
36412,1
36420,1
36427,1
36438,0
36450,1
36476,0
36520,0
36572,0
36583,1
36587,1
36615,1
36690,0
36769,1
36787,0
36806,0
36814,0
36832,0
36834,1
36883,0
36894,1
36912,1
36920,1
36932,0
36933,1
36980,1
36998,0
37050,0
37052,0
37070,0
37109,1
37112,0
37122,0
37125,0
37132,0
37160,1
37199,0
37201,0
37210,0
37215,1
37229,1
37233,0
37249,0
37269,1
37291,0
37362,0
37370,1
37381,0
37392,1
37412,1
37445,0
37553,1
37572,1
37596,0
37600,1
37738,0
37762,0
37802,1
37814,1
37838,0
37881,0
37905,0
37907,1
37929,0
37933,1
37946,1
37962,1
37972,0
38015,1
38040,0
38089,1
38114,0
38160,1
38170,0
38178,0
38183,0
38184,0
38196,1
38219,1
38226,0
38230,0
38231,1
38280,1
38331,0
38339,1
38350,1
38360,0
38372,1
38379,1
38381,1
38408,1
38416,1
38431,1
38436,0
38468,1
38469,1
38474,1
38485,0
38520,1
38543,1
38560,0
38579,0
38586,0
38587,0
38593,1
38608,0
38619,0
38699,1
38762,1
38816,1
38822,1
38845,0
38851,0
38870,0
38922,1
38953,1
38967,1
38991,0
38999,1
39033,0
39081,0
39096,1
39100,1
39305,1
39320,1
39332,0
39376,1
39388,1
39394,1
39409,0
39415,1
39423,0
39465,0
39490,1
39502,0
39522,0
39524,0
39535,0
39540,0
39594,1
39605,0
39619,1
39662,0
39698,1
39701,1
39771,1
39828,1
39841,0
39854,1
39871,1
39881,0
39894,0
39939,1
40021,1
40025,0
40031,0
40081,1
40085,0
40093,0
40109,1
40110,1
40145,1
40151,1
40172,1
40182,1
40184,1
40278,1
40280,1
40284,1
40323,1
40328,1
40347,1
40348,1
40387,0
40425,0
40435,1
40445,0
40471,1
40558,1
40573,0
40626,0
40669,0
40699,0
40711,1
40768,1
40795,1
40819,1
40851,0
40932,0
40936,0
40938,0
40947,1
40956,0
40966,0
41010,1
41011,1
41013,0
41023,1
41048,1
41094,0
41120,0
41132,1
41158,0
41169,1
41190,0
41257,0
41312,0
41321,1
41346,0
41420,0
41423,1
41447,0
41464,1
41467,1
41497,0
41499,0
41512,0
41515,0
41578,1
41595,1
41637,0
41645,1
41695,0
41815,1
41824,1
41829,0
41842,1
41843,1
41899,0
41922,1
41927,1
41989,0
41991,0
41996,1
42000,0
42068,0
42071,1
42075,0
42083,0
42087,1
42093,0
42144,0
42240,1
42255,0
42257,0
42291,0
42296,0
42328,1
42382,1
42400,0
42409,1
42411,0
42418,1
42425,1
42449,0
42456,1
42469,1
42497,0
42514,1
42552,1
42580,1
42584,0
42585,1
42610,0
42640,0
42651,0
42684,0
42690,0
42713,0
42732,1
42749,0
42754,1
42790,1
42807,0
42855,0
42885,0
42940,0
42992,0
43009,1
43012,1
43017,0
43026,1
43054,1
43103,0
43108,1
43135,0
43146,1
43168,0
43186,0
43218,0
43251,1
43254,0
43279,0
43287,1
43288,1
43317,1
43372,1
43384,1
43394,0
43408,0
43430,1
43447,0
43456,0
43495,0
43516,0
43519,1
43557,0
43611,0
43621,0
43630,1
43651,1
43652,1
43687,0
43691,0
43693,0
43717,0
43737,1
43743,0
43751,0
43794,1
43816,1
43837,1
43853,0
43889,1
43928,0
43934,0
43956,0
43972,1
43985,0
43995,0
44024,1
44048,1
44070,1
44090,0
44120,0
44130,0
44133,0
44136,1
44149,0
44159,0
44177,0
44196,1
44198,0
44202,1
44233,1
44239,0
44252,0
44283,0
44348,1
44351,0
44388,0
44423,1
44434,0
44490,1
44502,0
44524,0
44550,0
44562,0
44585,1
44614,0
44668,0
44688,0
44692,0
44693,0
44729,1
44732,0
44736,1
44737,0
44743,0
44757,0
44760,1
44778,1
44787,0
44829,0
44888,0
44916,0
44925,0
44957,0
44963,0
44965,1
45024,1
45037,0
45055,0
45058,0
45063,1
45073,0
45089,1
45126,0
45140,1
45156,1
45185,1
45187,1
45223,1
45243,1
45261,1
45292,0
45293,0
45296,0
45325,1
45340,0
45380,1
45394,1
45396,0
45454,1
45455,1
45512,1
45517,0
45576,1
45626,1
45634,1
45655,1
45664,0
45682,0
45748,1
45752,1
45767,1
45778,1
45789,0
45806,0
45819,0
45832,0
45863,1
45893,0
45894,1
45923,0
45954,0
46007,1
46064,1
46081,0
46104,0
46105,0
46135,1
46138,1
46150,0
46194,0
46203,0
46258,0
46260,1
46265,0
46266,0
46278,1
46291,0
46296,0
46317,0
46331,1
46332,1
46338,1
46351,0
46372,0
46403,0
46406,0
46432,0
46479,1
46496,1
46500,1
46526,0
46529,0
46537,1
46565,1
46589,0
46618,0
46690,1
46694,1
46731,1
46754,1
46763,0
46795,1
46824,0
46862,0
46912,0
46915,1
46945,0
46947,0
47026,1
47060,0
47066,0
47073,0
47137,0
47180,0
47190,1
47198,0
47217,0
47238,0
47239,1
47244,0
47285,1
47352,1
47353,0
47355,0
47374,0
47376,1
47491,0
47497,0
47498,0
47512,0
47549,0
47550,0
47558,0
47613,0
47674,1
47699,1
47723,1
47753,1
47819,1
47831,0
47899,0
47906,0
47943,0
47961,0
47972,0
48014,0
48043,1
48149,1
48151,1
48203,0
48229,1
48246,1
48252,1
48285,0
48310,1
48350,0
48356,0
48383,0
48421,0
48431,0
48446,0
48447,1
48489,0
48523,0
48543,0
48631,1
48638,1
48666,1
48705,0
48711,1
48712,0
48714,0
48716,0
48730,1
48738,0
48758,0
48763,1
48769,1
48780,1
48812,1
48876,0
48915,1
48988,0
49026,0
49059,0
49079,1
49147,0
49153,0
49172,1
49304,1
49339,1
49343,0
49350,0
49376,0
49381,1
49385,1
49395,0
49434,0
49458,0
49464,0
49507,1
49529,1
49563,0
49610,0
49658,0
49692,0
49720,0
49793,1
49798,0
49820,0
49843,1
49849,0
49883,1
49894,1
49896,0
49962,0
49981,0
49995,0
50018,0
50038,0
50058,1
50079,1
50082,0
50084,0
50086,0
50117,0
50135,1
50141,1
50161,1
50174,1
50175,1
50186,0
50219,1
50226,1
50246,0
50269,0
50275,1
50294,1
50308,0
50311,0
50314,0
50366,1
50410,1
50487,0
50532,0
50543,0
50553,0
50648,0
50685,1
50722,0
50733,1
50756,1
50787,1
50807,0
50824,1
50826,0
50851,1
50878,0
50903,1
50907,1
50912,0
50934,0
50944,1
50958,0
50972,0
50989,1
50991,1
50996,0
51033,0
51039,1
51060,0
51065,0
51079,0
51169,1
51195,1
51222,0
51234,0
51252,1
51254,0
51256,0
51266,1
51275,0
51320,1
51327,0
51338,0
51355,0
51396,1
51403,1
51435,0
51438,1
51459,0
51478,0
51497,1
51500,0
51535,1
51593,1
51602,0
51696,1
51704,0
51722,0
51723,0
51747,1
51754,0
51804,0
51809,1
51851,1
51887,0
51971,1
51984,0
52040,0
52049,0
52055,1
52076,0
52124,1
52131,1
52170,1
52177,1
52183,1
52190,0
52226,0
52278,0
52283,0
52284,0
52299,0
52325,0
52354,0
52373,1
52381,1
52382,1
52428,0
52480,0
52541,1
52550,1
52566,1
52607,0
52635,0
52648,0
52665,0
52670,1
52673,1
52684,1
52710,0
52713,1
52721,0
52790,1
52794,0
52892,1
52906,0
52908,0
52916,1
52982,0
53022,1
53028,1
53034,1
53049,1
53054,0
53101,1
53103,0
53117,0
53183,1
53233,1
53287,1
53289,1
53321,0
53345,1
53351,0
53365,0
53416,0
53420,1
53439,1
53443,1
53480,0
53481,0
53516,0
53592,1
53607,0
53615,1
53631,0
53637,1
53643,1
53645,1
53655,0
53659,0
53663,1
53681,1
53686,0
53701,0
53740,1
53755,0
53786,0
53817,0
53842,1
53857,0
53858,0
53891,1
53907,1
53938,1
53944,0
53955,0
53967,1
53975,0
54016,1
54040,1
54084,0
54131,0
54156,0
54169,0
54204,1
54207,0
54208,1
54218,0
54223,1
54232,1
54254,0
54266,0
54290,1
54299,0
54308,1
54317,0
54326,0
54335,1
54392,0
54427,1
54441,1
54453,0
54516,0
54526,0
54530,1
54559,1
54586,0
54610,0
54612,0
54626,0
54642,0
54657,0
54665,1
54737,0
54762,0
54787,0
54791,1
54796,1
54818,1
54839,0
54840,1
54848,0
54922,1
54946,1
54977,1
54983,0
55041,1
55065,1
55151,1
55188,0
55226,0
55232,0
55242,1
55259,1
55262,1
55267,0
55273,1
55295,1
55312,0
55320,1
55502,1
55504,0
55513,1
55551,1
55566,1
55571,1
55578,0
55593,0
55604,0
55648,0
55661,0
55678,0
55727,0
55735,0
55753,1
55756,1
55786,0
55816,0
55856,1
55878,1
55889,0
55901,0
55906,1
55928,1
55964,0
55971,0
55986,0
55993,1
56011,0
56136,0
56166,0
56168,0
56203,1
56233,1
56279,1
56283,1
56287,0
56326,0
56341,1
56343,1
56360,0
56382,0
56451,0
56469,1
56553,1
56566,0
56569,1
56606,1
56612,0
56648,0
56654,1
56664,0
56719,0
56727,1
56759,0
56773,0
56781,0
56789,0
56809,1
56818,1
56869,0
56882,0
56916,0
56934,0
56946,0
56963,1
56983,1
57014,0
57069,0
57078,0
57120,0
57132,0
57157,0
57162,1
57182,0
57206,1
57208,1
57243,0
57263,1
57291,0
57302,0
57324,0
57385,1
57405,0
57418,0
57435,1
57446,0
57448,0
57486,0
57501,1
57514,0
57523,0
57540,0
57576,1
57596,1
57600,1
57750,0
57757,1
57767,0
57770,1
57780,0
57818,1
57858,0
57864,1
57897,1
57911,0
57930,1
58012,0
58018,0
58054,0
58061,0
58064,0
58068,1
58079,0
58113,1
58118,1
58126,0
58128,0
58139,0
58162,1
58198,0
58244,1
58246,0
58254,0
58288,1
58305,0
58327,0
58376,1
58377,1
58384,0
58389,1
58406,0
58435,0
58457,1
58473,1
58485,0
58501,1
58516,0
58518,1
58522,0
58564,1
58581,1
58585,0
58604,1
58632,1
58685,1
58737,0
58823,0
58830,1
58851,1
58881,1
58947,0
58956,1
58978,1
58983,1
59004,0
59016,0
59040,1
59091,0
59110,0
59178,1
59201,0
59203,1
59215,1
59226,0
59234,0
59236,0
59289,1
59305,0
59348,0
59373,0
59376,0
59390,1
59418,1
59474,0
59478,0
59491,0
59497,1
59498,1
59503,0
59528,0
59557,1
59601,0
59610,0
59640,0
59650,1
59654,0
59681,0
59701,1
59708,0
59725,0
59734,1
59769,1
59802,0
59813,0
59847,0
59853,1
59884,0
59913,1
59955,0
59957,0
59959,1
59973,1
59982,1
60008,1
60060,1
60078,1
60088,0
60112,1
60114,0
60126,0
60140,0
60144,0
60162,0
60207,1
60263,0
60268,1
60302,0
60326,0
60373,1
60377,1
60392,1
60411,0
60439,0
60441,0
60480,0
60541,1
60641,1
60647,1
60690,1
60717,0
60738,1
60742,1
60777,1
60808,1
60810,0
60824,1
60885,1
60962,0
60973,1
60985,1
61001,0
61049,0
61051,1
61054,1
61068,1
61076,0
61082,1
61095,1
61097,1
61110,0
61118,1
61121,1
61172,0
61185,1
61226,0
61237,1
61255,0
61281,0
61314,1
61337,1
61352,1
61372,0
61417,0
61432,1
61451,0
61453,0
61477,1
61479,1
61489,0
61499,0
61518,1
61532,1
61551,0
61556,1
61616,0
61632,0
61647,1
61658,0
61692,0
61694,0
61695,0
61703,0
61711,0
61724,0
61726,0
61834,0
61879,1
61889,0
61922,1
61932,1
61946,0
61953,1
61970,1
62001,1
62011,1
62089,1
62118,1
62123,0
62130,1
62137,0
62156,1
62159,1
62170,0
62184,1
62205,0
62210,0
62222,0
62259,1
62298,0
62361,1
62378,1
62429,0
62439,0
62488,0
62517,0
62562,0
62569,0
62589,0
62623,1
62637,1
62652,1
62655,1
62687,1
62807,0
62814,1
62896,0
62903,1
62915,1
62928,0
62950,0
62952,1
62979,1
62991,0
63051,1
63058,0
63059,1
63064,1
63069,1
63114,0
63130,1
63143,0
63155,0
63203,0
63227,0
63258,0
63269,0
63282,0
63287,1
63331,1
63333,1
63349,0
63352,1
63363,0
63391,0
63397,0
63406,0
63438,0
63458,1
63486,0
63552,0
63576,0
63599,0
63660,0
63693,1
63716,0
63745,0
63755,0
63819,0
63859,1
63862,1
63864,0
63891,1
63901,0
63938,0
63999,1
64058,0
64106,0
64150,1
64169,0
64190,1
64238,0
64251,1
64294,1
64299,0
64334,1
64363,0
64409,1
64465,1
64475,0
64478,0
64487,1
64519,0
64520,0
64527,0
64589,0
64590,0
64604,1
64611,0
64621,1
64629,1
64646,0
64683,1
64697,0
64698,0
64710,0
64724,0
64731,0
64740,0
64752,0
64764,1
64768,1
64786,1
64807,0
64851,0
64863,0
64867,1
64974,0
64985,1
65004,1
65037,0
65042,1
65045,0
65057,0
65131,0
65146,1
65148,0
65162,1
65171,1
65177,0
65210,1
65240,1
65242,1
65308,0
65318,0
65342,0
65348,0
65359,1
65374,0
65419,0
65437,0
65450,1
65471,0
65495,1
65539,0
65540,0
65550,0
65592,1
65600,1
65609,1
65628,0
65662,0
65678,0
65708,0
65709,1
65796,0
65800,1
65817,1
65840,1
65872,0
65873,0
65875,1
65879,1
65890,1
65925,0
65936,0
66029,0
66058,0
66106,0
66181,1
66215,0
66253,0
66259,0
66270,0
66282,1
66306,1
66339,0
66342,0
66363,0
66375,1
66395,0
66408,0
66440,1
66445,0
66474,0
66493,0
66527,1
66549,0
66565,0
66589,0
66594,1
66598,1
66651,1
66675,0
66758,0
66795,1
66800,0
66828,1
66853,0
66886,1
66903,1
66908,1
66911,0
66936,0
66971,1
67055,0
67064,0
67065,0
67070,0
67120,0
67178,1
67224,0
67248,1
67298,1
67305,0
67308,0
67361,1
67395,0
67405,1
67411,0
67418,0
67487,1
67496,0
67516,0
67530,1
67560,0
67573,0
67637,1
67688,1
67715,1
67722,0
67723,0
67796,1
67802,1
67803,0
67806,0
67822,1
67848,1
67895,0
67897,0
67909,0
67927,1
67943,0
67961,0
67972,0
67990,0
68019,0
68040,0
68096,0
68102,1
68127,1
68133,1
68166,0
68175,1
68189,1
68225,1
68231,0
68241,0
68284,1
68306,1
68307,0
68309,0
68348,0
68372,1
68412,1
68452,1
68455,1
68478,1
68496,0
68531,0
68540,0
68584,1
68630,0
68637,0
68642,1
68678,0
68687,0
68695,1
68785,0
68849,0
68856,0
68866,0
68872,1
68877,0
68881,1
68902,0
68911,1
68914,0
68951,0
68960,1
68969,0
69002,0
69009,0
69010,0
69042,0
69069,0
69102,1
69111,1
69125,0
69141,1
69147,1
69163,0
69165,1
69174,1
69187,0
69189,0
69206,0
69213,0
69221,1
69279,0
69311,1
69324,0
69364,1
69374,1
69396,0
69402,1
69416,0
69445,0
69484,0
69485,0
69542,0
69544,0
69554,1
69560,0
69577,0
69607,1
69620,1
69634,0
69636,1
69691,1
69755,1
69773,0
69821,0
69838,0
69852,0
69883,1
69916,1
69917,1
69998,0
70024,1
70050,0
70062,1
70208,1
70209,0
70210,0
70236,1
70255,0
70259,1
70262,1
70301,1
70305,0
70360,1
70390,0
70394,0
70424,1
70446,1
70468,0
70476,0
70478,1
70480,0
70484,1
70522,0
70529,1
70565,0
70601,1
70605,1
70616,1
70618,0
70648,0
70705,1
70741,1
70800,0
70830,1
70858,0
70882,1
70940,0
70958,1
71001,0
71006,0
71012,0
71110,1
71112,0
71143,0
71147,1
71183,0
71189,1
71193,1
71198,0
71224,1
71242,0
71244,0
71324,0
71358,0
71384,0
71411,1
71433,1
71487,1
71544,0
71549,0
71563,1
71565,1
71568,0
71580,1
71588,0
71603,1
71616,0
71626,0
71627,0
71643,1
71686,1
71689,0
71736,1
71771,1
71785,0
71802,1
71854,0
71865,0
71881,0
71883,1
71948,1
71954,0
71980,0
71989,0
71996,0
71997,0
72005,0
72019,1
72024,0
72025,1
72033,1
72052,1
72080,0
72086,0
72132,0
72140,1
72151,1
72251,1
72283,0
72287,0
72291,0
72386,1
72414,1
72462,1
72466,0
72502,1
72519,0
72534,0
72548,0
72549,0
72586,0
72609,0
72615,1
72626,1
72637,1
72642,0
72670,1
72689,0
72695,1
72696,0
72711,0
72745,1
72759,0
72784,1
72844,0
72848,0
72881,0
72892,0
72909,0
72975,1
72982,0
72992,0
72997,0
73035,1
73061,0
73066,0
73100,0
73148,0
73190,0
73198,0
73211,0
73214,0
73216,0
73223,0
73231,0
73254,1
73268,1
73271,1
73274,0
73288,0
73307,0
73379,0
73387,0
73389,1
73415,0
73419,0
73440,0
73520,0
73558,0
73570,1
73591,1
73632,1
73638,0
73687,0
73693,1
73697,0
73753,0
73773,1
73795,0
73847,0
73879,1
73886,1
73888,0
73956,0
73959,0
73983,1
74052,1
74113,1
74120,1
74122,0
74164,1
74176,1
74217,1
74250,1
74256,0
74289,0
74312,1
74377,1
74410,1
74417,0
74441,0
74452,0
74600,1
74674,0
74679,0
74686,1
74696,0
74729,0
74735,1
74770,1
74833,0
74868,1
74879,0
74897,0
74898,1
74919,1
74924,1
74933,0
74941,0
75049,1
75057,0
75086,1
75090,1
75114,0
75160,1
75162,1
75213,1
75224,0
75248,1
75258,0
75264,1
75266,0
75345,0
75357,0
75386,0
75411,0
75439,1
75449,0
75458,0
75493,1
75511,0
75514,1
75521,1
75544,1
75567,0
75571,1
75573,1
75581,1
75590,1
75636,0
75649,1
75670,0
75699,1
75710,1
75771,0
75802,1
75804,0
75805,0
75831,1
75921,1
75926,0
75953,0
75965,1
75974,0
75983,1
76002,1
76004,1
76018,1
76027,1
76053,1
76065,0
76101,1
76120,1
76132,0
76134,0
76163,1
76165,1
76210,1
76218,0
76253,1
76260,1
76295,0
76362,0
76366,1
76386,1
76404,1
76427,0
76444,1
76471,0
76478,1
76481,1
76491,0
76500,1
76512,0
76527,1
76545,1
76548,1
76619,1
76620,0
76648,0
76651,0
76681,1
76706,0
76730,0
76736,1
76752,0
76824,1
76846,0
76876,0
76904,0
76931,1
76986,1
77001,0
77009,0
77025,1
77042,0
77055,0
77068,0
77089,1
77091,0
77096,0
77122,0
77141,0
77157,0
77193,0
77195,1
77225,0
77346,0
77351,1
77365,0
77371,1
77390,0
77408,0
77446,0
77482,0
77483,0
77488,0
77517,1
77546,0
77607,0
77637,1
77639,0
77686,0
77703,1
77726,1
77750,1
77752,0
77768,1
77808,1
77809,0
77829,0
77831,1
77904,0
77949,1
77972,1
77988,0
78008,1
78014,0
78030,1
78034,0
78056,0
78068,0
78107,1
78128,0
78157,1
78161,0
78216,1
78270,1
78361,1
78365,1
78418,0
78447,1
78474,0
78486,0
78501,1
78534,0
78548,1
78549,0
78579,1
78589,1
78595,0
78638,1
78665,0
78669,0
78679,1
78684,0
78691,0
78692,1
78699,0
78712,0
78714,1
78717,1
78774,1
78777,0
78787,0
78825,0
78853,0
78899,1
78916,1
78927,0
78951,1
78985,0
78990,0
78992,1
79036,1
79039,0
79050,1
79055,0
79057,1
79078,1
79092,1
79100,0
79119,0
79173,0
79269,0
79321,1
79328,0
79345,0
79369,1
79484,0
79505,1
79525,0
79547,1
79562,1
79564,0
79589,1
79590,0
79591,0
79598,1
79658,1
79663,1
79684,1
79688,0
79690,0
79698,1
79713,0
79724,0
79739,0
79740,0
79752,0
79758,0
79786,0
79825,1
79869,0
79883,0
79898,0
79907,1
79923,1
79928,1
79986,0
80012,1
80025,1
80050,0
80096,0
80165,0
80189,0
80198,0
80219,1
80225,1
80231,0
80233,0
80234,0
80250,0
80286,1
80324,0
80359,0
80387,1
80414,1
80415,0
80430,0
80433,0
80444,0
80472,1
80481,1
80493,0
80500,0
80526,0
80539,1
80545,0
80547,0
80572,1
80612,1
80645,1
80652,0
80682,1
80796,0
80841,0
80855,0
80899,1
80936,0
80940,1
80948,1
80977,0
80995,0
81002,0
81003,0
81054,0
81073,0
81086,1
81109,0
81138,0
81157,1
81165,1
81172,0
81175,1
81197,1
81238,0
81239,0
81255,1
81296,1
81322,1
81329,1
81383,1
81404,1
81408,0
81409,1
81412,1
81430,0
81432,0
81455,1
81489,1
81542,1
81557,0
81570,1
81609,0
81677,1
81687,0
81719,1
81730,1
81751,0
81784,1
81789,0
81865,1
81876,1
81903,1
81923,0
81981,1
82001,1
82002,0
82012,0
82042,1
82043,1
82053,1
82068,1
82076,0
82080,0
82122,0
82131,0
82140,0
82150,0
82160,0
82174,1
82193,1
82194,1
82195,1
82200,0
82216,1
82232,0
82241,0
82255,0
82256,0
82284,0
82291,0
82304,0
82312,0
82314,1
82334,0
82359,0
82364,0
82381,1
82400,0
82444,0
82502,1
82576,0
82639,1
82685,0
82763,1
82793,0
82804,1
82808,0
82816,0
82840,0
82874,1
82910,1
82916,1
82917,1
82962,0
83001,1
83004,1
83020,0
83027,0
83081,0
83086,1
83108,1
83111,0
83142,0
83205,1
83206,1
83218,0
83234,1
83247,0
83258,1
83261,1
83308,1
83334,0
83352,0
83361,0
83375,1
83378,0
83381,0
83389,0
83400,1
83423,0
83454,0
83459,1
83467,1
83482,0
83560,0
83574,0
83582,0
83621,1
83639,1
83646,0
83710,1
83715,0
83719,0
83754,0
83770,0
83777,1
83780,0
83823,0
83834,0
83855,1
83857,0
83909,0
83970,1
83977,1
83998,0
84012,1
84029,0
84053,0
84068,0
84098,0
84117,0
84124,0
84130,0
84150,0
84199,1
84214,0
84307,0
84327,1
84364,0
84381,1
84421,0
84424,1
84433,1
84440,0
84457,1
84492,0
84533,0
84622,0
84627,1
84664,1
84676,0
84680,1
84698,1
84700,0
84709,0
84733,0
84740,1
84756,0
84773,0
84779,1
84897,1
84919,0
84920,0
84925,0
84946,0
84951,0
85017,1
85024,0
85027,1
85073,1
85191,0
85213,1
85228,0
85263,0
85287,1
85305,0
85316,1
85327,0
85548,0
85555,0
85590,1
85594,0
85612,1
85613,1
85629,1
85631,0
85634,0
85662,1
85678,0
85711,1
85714,1
85716,1
85747,0
85769,0
85797,0
85804,0
85815,1
85831,0
85842,1
85860,0
85916,1
86040,0
86051,1
86058,1
86100,0
86127,1
86155,0
86184,1
86203,1
86285,0
86288,0
86300,0
86350,0
86356,0
86358,0
86387,1
86394,0
86412,1
86452,0
86481,1
86508,0
86546,1
86552,1
86553,1
86578,1
86594,1
86635,1
86654,0
86656,1
86669,1
86704,1
86722,0
86739,0
86750,1
86759,1
86764,0
86793,0
86813,0
86850,0
86853,0
86858,1
86867,1
86899,1
86902,0
86914,0
87051,1
87075,0
87097,0
87133,1
87162,0
87172,1
87176,0
87184,1
87191,1
87204,0
87248,0
87257,1
87266,0
87349,1
87351,1
87356,1
87373,0
87403,1
87451,1
87475,1
87489,0
87623,0
87635,0
87663,1
87666,1
87678,1
87701,0
87741,0
87743,1
87790,0
87797,0
87831,1
87835,0
87851,0
87863,0
87864,0
87870,1
87880,1
87896,1
87897,1
87952,1
87999,1
88053,0
88081,1
88120,0
88124,0
88127,1
88131,1
88153,0
88201,1
88234,0
88258,0
88265,0
88273,1
88277,1
88294,1
88304,1
88327,0
88384,1
88394,1
88396,1
88414,0
88415,0
88467,1
88507,1
88538,0
88551,0
88585,1
88594,1
88595,0
88616,1
88641,0
88659,0
88674,1
88695,0
88718,0
88786,1
88791,0
88827,0
88889,0
88919,0
89031,1
89067,1
89129,1
89141,0
89147,0
89156,1
89168,0
89209,0
89268,1
89288,1
89303,0
89309,1
89312,1
89313,0
89327,1
89391,0
89398,1
89515,1
89522,1
89546,0
89614,1
89627,0
89634,1
89659,0
89695,1
89701,0
89702,1
89758,1
89814,1
89839,0
89882,0
89885,0
89897,0
89968,0
89969,1
89984,1
89991,0
90004,0
90007,1
90065,1
90086,0
90087,1
90094,1
90162,1
90164,0
90167,1
90196,1
90197,0
90204,0
90250,1
90262,1
90284,0
90300,1
90324,0
90349,1
90372,1
90380,1
90400,0
90402,0
90412,1
90413,1
90416,1
90441,1
90472,1
90474,1
90476,0
90478,0
90490,0
90563,0
90590,0
90625,1
90631,0
90651,1
90665,0
90685,1
90695,1
90717,1
90745,1
90760,0
90812,0
90823,0
90824,1
90838,0
90843,0
90849,1
90852,0
90868,0
90947,1
90951,0
90979,1
90981,0
90987,1
90997,1
91034,0
91040,0
91048,1
91050,0
91070,1
91095,0
91100,1
91104,1
91142,0
91189,1
91220,1
91225,1
91246,0
91254,1
91280,1
91294,1
91356,0
91362,0
91385,0
91395,0
91428,1
91447,0
91487,0
91497,1
91515,0
91520,1
91523,1
91539,0
91547,1
91583,0
91592,1
91606,0
91627,1
91639,1
91666,0
91668,1
91699,0
91761,1
91778,1
91836,0
91847,1
91857,1
91860,0
91945,0
91969,1
91982,1
92006,0
92029,1
92062,1
92079,0
92080,0
92087,0
92101,1
92104,0
92177,0
92179,0
92224,1
92245,0
92283,1
92308,0
92383,1
92386,0
92391,1
92406,1
92408,1
92413,0
92419,1
92448,1
92464,0
92473,0
92509,1
92518,0
92541,0
92547,1
92555,1
92560,0
92597,1
92610,1
92636,1
92659,0
92671,1
92673,0
92706,1
92708,0
92710,1
92751,1
92815,0
92825,1
92839,0
92845,1
92872,0
92877,1
92900,0
92918,1
92924,1
92963,1
93054,0
93057,1
93077,1
93103,0
93123,0
93130,1
93141,1
93163,0
93174,1
93234,1
93237,0
93265,1
93283,1
93307,1
93320,0
93344,1
93351,0
93362,0
93368,0
93402,1
93407,1
93413,1
93433,0
93454,1
93468,0
93580,1
93588,0
93602,0
93632,0
93676,1
93681,0
93694,0
93728,1
93731,0
93740,1
93748,1
93813,1
93815,0
93816,1
93827,1
93843,1
93846,1
93943,1
93971,1
94012,0
94031,1
94053,1
94108,1
94111,0
94168,0
94184,0
94205,0
94288,1
94305,0
94357,1
94360,1
94389,1
94390,0
94400,0
94405,1
94419,0
94420,1
94449,0
94463,1
94467,0
94486,1
94501,0
94507,0
94517,0
94520,1
94537,1
94568,1
94625,1
94631,0
94700,0
94725,1
94744,1
94747,1
94748,1
94798,0
94836,0
94889,1
94905,1
94906,1
94928,0
94986,1
95024,1
95034,1
95053,1
95076,0
95084,1
95087,1
95105,0
95111,1
95156,1
95164,1
95173,1
95236,0
95265,0
95322,0
95337,1
95341,0
95380,0
95384,0
95432,1
95475,0
95479,0
95495,1
95498,1
95500,0
95510,0
95538,1
95544,1
95589,0
95616,0
95620,0
95665,1
95679,1
95697,1
95707,1
95732,1
95737,1
95758,0
95761,1
95764,1
95812,1
95948,1
96001,0
96027,0
96068,0
96081,0
96163,1
96165,0
96173,1
96214,1
96244,1
96252,1
96280,1
96297,0
96308,1
96360,0
96466,0
96468,1
96504,1
96517,0
96528,1
96555,0
96584,0
96640,1
96688,0
96744,0
96782,0
96794,1
96818,0
96846,0
96873,0
96874,1
96905,1
96921,0
96923,1
96941,1
96950,0
96988,1
97014,1
97033,1
97074,0
97113,1
97147,1
97149,1
97187,1
97207,1
97230,1
97267,0
97272,1
97274,0
97283,0
97289,0
97300,0
97317,1
97388,1
97425,1
97440,0
97489,0
97490,1
97511,0
97514,0
97595,0
97620,1
97641,0
97647,0
97709,0
97718,1
97753,0
97783,0
97799,0
97825,0
97911,1
97945,0
97947,0
97966,0
98011,0
98016,1
98029,0
98039,0
98066,1
98069,0
98085,0
98089,1
98104,1
98110,0
98134,1
98146,0
98163,0
98226,1
98259,1
98264,1
98272,0
98349,0
98358,1
98369,0
98370,1
98387,0
98388,1
98446,1
98470,1
98514,0
98545,1
98558,0
98573,0
98609,0
98612,1
98619,1
98643,0
98653,1
98736,0
98760,1
98780,1
98801,0
98802,1
98832,0
98916,0
98964,0
98965,0
98999,1
99017,1
99027,0
99037,0
99076,0
99077,1
99105,1
99225,0
99251,0
99266,1
99278,0
99318,1
99327,0
99329,0
99369,0
99372,1
99377,1
99395,0
99427,0
99429,0
99459,0
99505,0
99516,0
99545,1
99569,1
99715,0
99754,1
99787,1
99798,1
99804,0
99812,1
99828,0
99857,0
99864,1
99885,0
99895,1
99901,1
99945,0
99950,1
99987,1
100020,1
100023,1
100053,1
100069,0
100082,0
100093,0
100131,0
100135,1
100156,0
100170,0
100196,1
100199,0
100262,0
100275,1
100278,0
100279,0
100290,0
100292,0
100302,0
100319,0
100326,0
100388,0
100405,1
100423,1
100428,0
100430,0
100440,0
100458,0
100471,1
100515,1
100531,0
100537,0
100549,0
100556,1
100582,1
100586,1
100596,0
100600,1
100642,0
100650,0
100656,1
100678,0
100691,0
100717,0
100798,0
100884,1
100890,1
100905,0
100954,0
100961,1
100976,0
101118,1
101142,0
101147,0
101153,1
101161,1
101209,0
101211,0
101247,1
101269,0
101283,1
101291,1
101299,0
101303,0
101305,0
101355,0
101374,0
101385,0
101409,1
101410,1
101481,1
101493,0
101529,0
101541,1
101545,1
101579,0
101594,0
101620,0
101632,0
101663,0
101670,1
101687,1
101696,1
101716,1
101727,1
101752,0
101763,0
101791,0
101811,1
101821,0
101869,0
101889,0
101983,1
101999,0
102006,0
102061,1
102081,1
102137,1
102175,1
102205,0
102237,1
102282,1
102284,1
102308,1
102361,1
102378,0
102453,0
102457,0
102474,1
102485,0
102519,1
102542,0
102543,0
102548,0
102552,1
102571,0
102575,1
102620,1
102651,1
102661,0
102685,1
102709,0
102758,1
102760,1
102787,0
102793,1
102794,0
102828,0
102902,0
102905,1
102909,1
102929,0
102945,0
102948,1
102949,1
102994,1
103010,1
103070,1
103098,1
103143,1
103151,1
103183,1
103211,0
103215,0
103252,1
103304,0
103364,0
103376,0
103400,0
103414,1
103434,0
103438,1
103453,0
103472,0
103482,1
103487,0
103540,0
103556,1
103562,0
103573,1
103584,1
103655,1
103673,0
103699,1
103713,0
103731,1
103763,1
103778,1
103800,0
103809,0
103813,1
103821,1
103862,0
103882,0
103911,1
103975,0
104002,0
104044,0
104097,1
104108,0
104116,0
104119,0
104132,1
104142,0
104157,0
104168,0
104233,1
104242,1
104305,0
104324,0
104331,0
104341,1
104418,1
104431,0
104572,0
104573,0
104584,1
104664,1
104697,0
104704,1
104752,1
104771,0
104792,0
104795,0
104805,1
104816,0
104821,0
104881,0
104917,0
104955,1
104969,0
105066,1
105116,1
105128,0
105140,1
105157,1
105174,1
105181,0
105227,0
105234,0
105245,0
105292,0
105310,0
105336,1
105378,0
105385,1
105387,0
105411,1
105468,0
105494,0
105548,0
105555,0
105556,1
105584,0
105607,0
105614,1
105653,0
105684,0
105691,1
105699,0
105728,0
105806,1
105811,1
105821,1
105843,1
105878,0
105891,0
105901,0
105918,0
105935,0
105944,1
105945,1
105953,0
105981,1
105985,0
106020,1
106030,0
106032,1
106094,1
106177,0
106178,1
106197,0
106218,1
106229,0
106236,0
106257,1
106263,0
106280,0
106300,1
106321,0
106402,1
106410,1
106431,1
106475,0
106536,1
106543,0
106595,1
106608,1
106652,1
106678,1
106711,0
106774,0
106778,1
106802,0
106835,0
106844,0
106914,1
106922,1
106930,1
106941,1
106949,0
106964,1
106990,1
106996,1
107008,1
107035,1
107051,0
107065,0
107081,1
107094,0
107147,0
107218,0
107246,0
107247,0
107265,0
107303,0
107306,1
107353,1
107366,0
107379,1
107381,0
107419,1
107433,0
107445,0
107471,0
107537,0
107563,1
107564,1
107567,0
107604,1
107636,1
107637,1
107642,0
107654,0
107658,1
107690,0
107701,1
107703,1
107717,0
107719,0
107727,0
107738,1
107763,0
107791,0
107802,0
107819,0
107874,0
107881,1
107883,0
107937,1
107957,0
107976,0
108070,0
108083,0
108138,0
108173,0
108198,0
108227,0
108234,1
108235,0
108245,1
108257,1
108275,1
108289,0
108391,1
108408,1
108477,1
108482,1
108489,0
108509,0
108526,0
108539,0
108575,1
108581,0
108587,0
108588,1
108633,1
108649,1
108654,0
108676,0
108685,1
108688,1
108739,0
108807,0
108809,1
108825,1
108888,1
108899,0
109017,1
109037,1
109039,1
109050,0
109054,1
109075,0
109076,0
109102,0
109106,1
109161,0
109183,0
109204,1
109210,1
109211,0
109215,1
109223,0
109226,1
109244,0
109251,0
109255,1
109310,0
109315,1
109362,0
109366,1
109402,1
109522,0
109528,0
109535,0
109570,0
109581,1
109709,1
109721,0
109743,0
109745,1
109775,1
109776,1
109796,1
109800,1
109847,0
109880,1
109900,1
109942,1
109979,1
110026,1
110042,1
110089,0
110099,1
110126,0
110173,1
110183,0
110197,0
110278,0
110291,0
110312,0
110322,0
110331,0
110378,1
110384,1
110425,1
110457,0
110477,1
110480,1
110499,1
110552,1
110559,1
110565,0
110571,1
110612,0
110644,0
110672,0
110764,1
110781,1
110795,1
110811,1
110933,0
110936,1
110966,1
111058,0
111094,0
111172,1
111181,1
111202,0
111219,0
111220,0
111221,0
111223,1
111225,0
111287,0
111325,1
111330,0
111344,1
111347,1
111352,0
111401,0
111474,0
111496,0
111509,0
111528,1
111534,0
111536,0
111618,0
111623,1
111641,1
111675,0
111682,0
111706,0
111724,1
111751,0
111755,1
111799,0
111834,0
111909,0
111915,1
111940,1
112010,1
112011,1
112077,1
112114,1
112136,1
112143,0
112170,1
112177,1
112229,0
112244,1
112313,0
112327,0
112329,1
112340,0
112344,0
112357,1
112404,0
112436,1
112475,0
112482,0
112506,0
112514,1
112519,1
112527,1
112536,1
112560,1
112567,0
112571,1
112578,1
112582,1
112604,0
112627,1
112657,1
112666,0
112677,0
112696,1
112709,0
112727,1
112763,1
112769,1
112774,0
112777,0
112779,1
112798,0
112832,1
112863,1
112894,1
112897,1
112913,0
112946,0
112957,0
112959,1
112969,0
113012,0
113016,1
113020,0
113057,0
113066,0
113079,1
113099,0
113122,1
113185,0
113200,1
113204,0
113274,0
113275,0
113283,0
113285,1
113340,1
113375,0
113406,1
113493,0
113502,0
113523,0
113532,1
113542,1
113552,1
113603,1
113669,1
113698,0
113703,1
113717,0
113750,1
113777,0
113784,1
113796,1
113840,0
113861,0
113886,0
113893,1
113940,0
113952,0
113966,0
113986,0
114024,0
114089,1
114170,0
114171,0
114176,0
114180,1
114191,1
114223,0
114228,1
114271,0
114284,1
114297,0
114300,1
114312,0
114326,0
114353,0
114373,0
114425,0
114445,0
114484,1
114492,0
114513,1
114517,0
114518,1
114554,0
114614,1
114656,1
114658,1
114660,1
114677,0
114682,0
114694,0
114697,1
114719,0
114741,1
114747,1
114779,1
114811,0
114855,1
114899,1
114958,0
114977,1
114986,1
115027,0
115079,1
115080,0
115091,1
115108,1
115158,1
115187,0
115188,1
115194,1
115197,1
115199,1
115223,1
115231,1
115244,0
115272,1
115290,1
115363,0
115367,0
115388,1
115450,0
115452,0
115464,1
115539,1
115600,0
115628,1
115648,1
115652,0
115682,1
115683,0
115734,0
115743,1
115755,1
115757,1
115792,1
115820,1
115844,1
115878,1
115907,1
115927,0
115935,0
115988,1
116024,1
116080,1
116091,0
116127,1
116186,1
116223,0
116229,1
116247,1
116249,0
116261,0
116272,0
116280,0
116291,0
116294,0
116295,0
116314,0
116320,0
116327,1
116357,0
116369,1
116378,1
116432,0
116444,1
116446,0
116451,1
116481,1
116492,1
116496,1
116498,0
116521,1
116530,1
116543,1
116544,1
116552,1
116594,1
116598,1
116617,1
116637,1
116648,1
116673,0
116731,0
116734,1
116736,0
116738,1
116756,1
116770,0
116802,1
116822,1
116832,0
116836,1
116844,1
116854,1
116864,0
116911,1
116934,0
116955,0
117006,0
117037,1
117049,1
117057,0
117093,1
117107,1
117163,0
117180,0
117183,0
117209,1
117225,0
117237,0
117250,1
117256,1
117259,1
117272,1
117325,1
117333,1
117335,0
117338,1
117340,1
117382,0
117395,0
117425,1
117442,1
117449,1
117462,0
117466,0
117474,0
117476,1
117494,1
117536,0
117581,1
117592,0
117641,0
117648,0
117669,0
117697,0
117709,1
117711,0
117729,1
117746,1
117756,0
117759,1
117768,0
117793,0
117806,0
117815,1
117828,0
117837,0
117842,0
117854,1
117950,0
117972,0
117976,1
117981,0
118004,0
118037,0
118040,0
118049,1
118102,0
118106,1
118124,0
118131,0
118166,1
118174,0
118186,0
118231,1
118233,0
118289,1
118305,1
118314,1
118361,1
118365,1
118416,0
118501,0
118514,0
118525,1
118528,0
118559,0
118614,1
118623,0
118635,1
118660,0
118679,0
118694,1
118712,1
118744,1
118748,1
118788,0
118799,1
118814,1
118866,0
118885,0
118896,1
118908,1
118933,1
118962,0
118969,0
119053,0
119055,1
119080,1
119094,0
119112,0
119127,1
119154,0
119181,1
119183,0
119210,0
119223,0
119224,1
119229,1
119238,0
119255,0
119258,0
119270,1
119299,1
119300,0
119310,1
119326,1
119337,0
119341,0
119349,1
119364,0
119371,1
119384,0
119407,0
119439,1
119445,1
119451,1
119464,0
119481,0
119548,1
119572,0
119583,1
119599,1
119636,1
119680,0
119698,0
119705,1
119720,0
119721,0
119729,1
119804,0
119808,0
119814,1
119825,0
119868,0
119906,1
119907,1
119923,0
119958,1
119968,1
119970,0
120000,1
120001,0
120035,0
120039,0
120067,1
120107,1
120139,0
120141,1
120168,0
120180,0
120194,1
120197,0
120240,0
120293,1
120338,0
120421,0
120458,0
120461,0
120490,0
120492,0
120516,1
120526,1
120554,0
120619,0
120629,0
120643,0
120652,1
120687,0
120732,0
120750,0
120772,1
120808,1
120813,0
120816,0
120844,0
120850,0
120921,1
120950,1
120979,1
120996,1
121012,0
121131,1
121160,1
121164,0
121205,0
121221,1
121290,1
121329,0
121351,1
121363,1
121365,1
121391,0
121396,0
121429,0
121437,0
121439,0
121444,0
121456,1
121465,1
121501,1
121505,0
121528,0
121581,1
121618,1
121639,1
121661,0
121663,0
121731,0
121800,0
121814,0
121816,1
121824,1
121847,0
121870,0
121878,1
121886,0
121908,1
121960,1
121961,1
121984,1
121987,0
122029,1
122039,0
122060,1
122061,1
122091,1
122113,1
122117,1
122148,1
122163,1
122174,1
122186,1
122208,0
122242,1
122252,0
122297,0
122320,1
122328,1
122353,1
122370,1
122377,0
122394,1
122461,0
122502,0
122507,0
122524,0
122546,1
122619,0
122684,0
122715,1
122753,1
122769,1
122816,0
122880,0
123023,1
123105,1
123158,0
123194,1
123215,0
123219,0
123251,1
123262,1
123271,0
123283,0
123301,1
123309,1
123326,0
123340,1
123389,0
123396,1
123407,1
123542,1
123627,1
123668,0
123693,0
123708,0
123737,1
123761,0
123777,0
123785,1
123856,0
123888,0
123903,1
123907,0
123925,0
123931,1
123970,1
123972,1
124040,0
124052,0
124053,0
124099,1
124104,1
124112,1
124140,1
124157,0
124166,1
124213,1
124223,0
124231,1
124255,0
124280,0
124306,1
124323,1
124346,1
124361,0
124368,1
124396,1
124406,0
124442,0
124446,0
124448,0
124469,0
124480,1
124501,1
124560,1
124562,0
124581,0
124601,1
124653,0
124689,0
124715,0
124728,0
124729,1
124730,0
124763,1
124795,0
124803,1
124809,1
124854,0
124877,0
124886,1
124903,0
124905,0
124924,1
124934,0
124947,1
124952,1
124982,1
125015,0
125018,0
125021,0
125033,0
125040,1
125048,0
125083,1
125084,1
125104,0
125136,1
125157,0
125187,0
125189,0
125199,1
125202,1
125254,0
125260,0
125289,1
125291,0
125300,1
125307,1
125317,1
125323,1
125332,0
125361,1
125404,0
125445,0
125486,1
125487,1
125494,1
125495,1
125502,1
125503,1
125517,1
125518,1
125534,1
125555,0
125564,1
125566,1
125570,1
125597,0
125601,0
125613,0
125623,1
125657,1
125693,0
125723,1
125756,0
125764,0
125765,0
125778,0
125779,0
125852,0
125861,1
125867,0
125872,1
125889,1
125896,1
125927,0
125977,1
125987,1
126009,0
126038,0
126056,1
126076,0
126085,0
126099,0
126111,0
126137,1
126140,0
126146,1
126154,0
126157,0
126176,0
126208,0
126218,0
126292,1
126328,0
126335,1
126343,1
126350,1
126409,0
126434,1
126455,0
126517,1
126527,1
126545,0
126554,1
126598,0
126648,1
126662,0
126672,1
126684,1
126687,1
126690,1
126709,1
126735,0
126777,0
126792,1
126806,0
126842,1
126849,0
126858,1
126863,1
126885,1
126893,0
126894,0
126913,0
126926,0
126930,0
126953,1
126963,0
126991,0
126995,1
127016,1
127156,0
127194,1
127210,1
127246,1
127259,0
127295,1
127310,0
127324,0
127338,1
127341,1
127389,1
127447,1
127512,0
127531,0
127551,0
127552,0
127565,1
127569,1
127604,0
127615,1
127640,1
127644,1
127679,1
127681,0
127690,1
127691,0
127699,1
127703,0
127732,0
127739,0
127749,1
127763,1
127797,0
127843,1
127881,1
127882,0
127891,0
127899,1
127914,0
127916,1
127943,1
127953,0
128042,1
128053,1
128055,1
128080,1
128099,1
128130,0
128164,1
128177,0
128201,1
128240,0
128275,1
128278,1
128281,1
128333,1
128343,0
128361,0
128433,0
128484,1
128499,0
128534,1
128576,1
128587,0
128591,0
128604,1
128606,0
128615,1
128679,1
128682,0
128745,1
128777,1
128801,1
128857,0
128858,1
128876,1
128888,1
128997,1
129011,1
129070,0
129088,0
129092,1
129095,1
129106,0
129137,0
129162,0
129175,1
129208,0
129229,0
129230,0
129248,0
129253,0
129353,1
129368,0
129470,0
129546,1
129549,0
129565,0
129591,1
129601,0
129625,0
129628,0
129659,0
129668,1
129687,0
129693,0
129713,0
129733,0
129753,0
129756,0
129763,1
129767,1
129771,0
129859,0
129880,1
129899,0
129901,0
129937,1
129942,0
129979,1
129998,1
130002,0
130025,0
130049,0
130060,0
130087,1
130118,1
130124,1
130127,0
130188,0
130197,0
130221,1
130239,1
130243,0
130245,0
130257,0
130272,0
130291,0
130293,0
130325,1
130348,1
130392,1
130395,0
130446,0
130455,0
130473,0
130485,0
130491,1
130497,0
130514,0
130547,0
130561,1
130597,1
130629,1
130648,0
130656,0
130711,1
130713,0
130732,0
130733,0
130735,1
130750,0
130765,1
130783,1
130794,1
130800,0
130833,1
130834,0
130859,0
130863,1
130877,0
130885,0
130901,1
130905,1
130970,0
130994,0
131016,1
131018,0
131074,1
131078,1
131089,1
131099,0
131160,1
131191,0
131196,1
131200,0
131210,0
131235,0
131268,1
131281,0
131339,0
131366,1
131378,0
131407,1
131519,1
131534,1
131555,0
131559,1
131597,0
131636,0
131655,1
131676,0
131680,0
131703,1
131715,1
131798,0
131811,0
131822,0
131838,1
131901,1
131913,0
131937,0
131975,0
131988,1
131990,1
131997,0
131998,0
132021,1
132028,1
132031,1
132053,1
132061,1
132065,0
132078,1
132129,0
132152,1
132157,0
132187,1
132229,1
132313,1
132370,0
132409,1
132425,0
132462,0
132497,0
132525,1
132530,0
132531,0
132566,0
132568,0
132574,0
132579,1
132616,1
132619,1
132621,0
132622,0
132625,0
132652,0
132668,0
132690,0
132716,1
132723,0
132736,1
132739,1
132759,0
132767,0
132772,0
132778,1
132785,1
132875,1
132923,1
132930,0
132955,1
132956,0
132959,1
132960,0
132976,0
132984,0
133009,1
133017,1
133059,0
133106,1
133121,1
133124,1
133143,0
133204,0
133247,0
133288,0
133307,0
133310,0
133331,1
133344,1
133360,1
133407,1
133437,0
133499,1
133563,0
133611,1
133614,0
133636,1
133667,1
133673,0
133711,1
133728,1
133745,0
133765,0
133777,1
133786,0
133793,0
133815,0
133819,0
133827,0
133832,1
133851,1
133856,1
133857,1
133875,1
133884,1
133887,0
133916,0
133919,0
133923,0
133955,0
133972,0
133973,1
133990,0
134014,1
134041,1
134100,1
134117,0
134177,1
134188,1
134280,1
134287,1
134320,0
134325,0
134346,0
134361,0
134369,1
134386,0
134391,0
134406,1
134423,0
134427,1
134435,0
134457,0
134495,1
134498,0
134521,1
134576,1
134590,0
134594,1
134613,1
134648,0
134665,1
134689,0
134729,1
134757,1
134771,0
134775,1
134804,1
134817,1
134842,1
134864,1
134888,1
134894,1
134996,1
135016,1
135038,0
135048,0
135076,0
135081,1
135137,1
135150,1
135182,0
135194,1
135205,0
135207,1
135210,0
135263,0
135272,0
135306,1
135403,0
135433,1
135476,0
135569,1
135578,1
135605,1
135622,1
135660,1
135689,0
135708,0
135713,0
135720,0
135733,0
135824,0
135840,0
135967,0
136003,0
136011,1
136030,0
136034,0
136035,1
136039,0
136055,1
136061,1
136135,0
136206,0
136212,1
136256,0
136257,1
136269,0
136270,1
136272,1
136289,0
136362,0
136405,0
136468,0
136512,1
136525,1
136552,0
136583,0
136614,1
136616,0
136631,1
136658,1
136681,1
136711,0
136739,0
136800,1
136801,0
136830,0
136837,1
136857,0
136924,0
136936,0
136940,0
137013,0
137021,1
137032,0
137038,1
137049,0
137057,1
137058,1
137072,0
137109,1
137183,0
137190,1
137226,0
137283,1
137294,0
137301,0
137334,0
137342,0
137348,0
137391,1
137408,0
137416,0
137437,0
137486,1
137490,1
137492,0
137500,1
137510,0
137613,0
137615,0
137664,0
137693,0
137777,1
137852,1
137892,0
137896,0
137902,1
137930,0
137933,1
137934,0
137954,0
137973,0
137995,1
138009,0
138047,1
138065,0
138073,1
138128,0
138190,1
138210,0
138211,0
138265,1
138352,0
138402,0
138409,0
138424,1
138450,0
138515,1
138524,1
138539,0
138601,1
138665,0
138666,0
138668,1
138697,0
138707,1
138749,1
138754,0
138776,1
138781,0
138789,1
138799,0
138819,0
138824,1
138831,1
138899,1
138908,0
138945,1
138982,0
139031,0
139045,0
139050,1
139056,0
139101,0
139106,0
139168,0
139173,0
139237,0
139258,1
139275,0
139276,1
139298,1
139368,0
139429,1
139511,0
139539,0
139560,0
139563,0
139574,0
139618,0
139637,1
139661,0
139760,1
139771,1
139902,1
139930,1
139931,0
139939,0
139998,0
140019,0
140036,1
140063,0
140070,0
140117,1
140140,1
140146,0
140147,0
140156,1
140159,0
140166,0
140168,0
140192,1
140230,1
140241,0
140244,1
140260,1
140313,1
140347,1
140360,1
140420,0
140452,0
140495,0
140528,0
140531,0
140552,0
140559,0
140616,0
140623,1
140633,0
140651,1
140652,1
140668,1
140676,0
140683,0
140701,1
140724,0
140750,1
140772,1
140792,1
140873,1
140880,0
140908,1
140937,1
140940,0
140944,0
141017,0
141020,0
141055,0
141083,0
141094,0
141118,0
141124,0
141149,1
141175,1
141179,0
141182,0
141196,1
141225,0
141283,1
141323,1
141327,0
141365,1
141371,1
141420,1
141436,0
141454,1
141500,1
141520,1
141548,0
141555,1
141575,0
141578,0
141601,1
141616,1
141631,1
141663,0
141703,1
141745,1
141794,1
141799,1
141823,0
141835,0
141838,0
141856,0
141863,1
141867,1
141880,1
141906,0
141955,1
141983,0
142000,1
142012,1
142028,1
142061,1
142107,1
142139,0
142168,1
142238,0
142240,1
142243,1
142283,1
142298,0
142321,0
142344,1
142345,0
142347,0
142371,0
142373,0
142408,1
142411,1
142460,0
142463,0
142468,0
142497,0
142520,1
142521,0
142548,0
142577,0
142589,1
142591,0
142593,1
142596,0
142615,0
142660,0
142669,0
142687,1
142707,0
142710,1
142786,1
142827,0
142830,1
142839,1
142865,0
142882,1
142886,1
142919,0
142942,0
142946,1
142970,1
142982,0
142989,0
143067,1
143202,1
143203,1
143205,1
143284,1
143314,1
143316,0
143334,0
143347,1
143372,0
143419,1
143425,0
143438,0
143444,0
143455,0
143501,0
143523,1
143563,0
143570,1
143611,0
143629,0
143632,0
143637,0
143639,0
143643,1
143673,0
143690,0
143708,0
143736,1
143752,0
143773,1
143806,1
143813,0
143820,1
143853,0
143858,1
143871,0
143893,0
143900,1
143904,1
143955,0
144005,1
144081,1
144139,1
144202,1
144213,1
144215,0
144299,1
144320,1
144340,1
144347,0
144350,1
144371,0
144397,0
144400,0
144412,1
144428,1
144482,1
144494,1
144497,1
144516,1
144537,0
144543,1
144559,1
144563,0
144619,1
144658,0
144663,0
144667,0
144692,1
144697,1
144703,0
144717,1
144750,1
144762,0
144794,1
144808,1
144815,1
144854,0
144893,1
144919,0
144940,0
144947,0
144993,1
145010,1
145015,1
145057,0
145098,1
145164,1
145181,0
145206,1
145217,1
145257,1
145272,1
145295,0
145352,0
145456,0
145460,1
145481,1
145525,1
145528,1
145547,1
145562,0
145581,1
145583,0
145607,1
145628,0
145640,0
145679,1
145709,0
145752,1
145756,1
145774,0
145779,1
145785,1
145807,0
145823,0
145833,1
145848,1
145885,0
145890,0
145898,1
145918,0
145954,1
145958,0
145965,0
145977,0
145987,1
146023,1
146037,0
146046,0
146054,0
146063,1
146081,0
146087,0
146140,1
146205,0
146212,1
146214,1
146216,1
146219,1
146244,1
146310,1
146312,0
146439,0
146467,1
146469,1
146480,1
146521,1
146524,0
146551,1
146555,1
146583,0
146629,0
146636,0
146665,1
146683,1
146692,1
146744,0
146798,0
146805,0
146854,1
146858,1
146880,0
146881,1
146882,0
146884,0
146901,1
146918,0
146930,1
146932,1
146942,1
147026,0
147059,1
147091,0
147112,0
147134,1
147136,0
147159,0
147167,1
147171,1
147173,0
147189,0
147197,1
147218,1
147242,0
147249,1
147282,1
147305,0
147324,0
147347,1
147351,1
147356,1
147393,1
147424,1
147440,0
147441,0
147450,1
147501,0
147550,0
147557,1
147570,0
147593,0
147607,0
147611,0
147616,0
147691,0
147696,0
147729,0
147741,0
147754,1
147759,1
147776,0
147822,0
147845,1
147851,1
147879,0
147935,0
147938,1
147940,0
147965,0
147986,0
148066,1
148067,0
148072,1
148121,1
148151,0
148180,1
148200,1
148242,0
148271,0
148313,0
148387,1
148404,1
148458,0
148482,0
148554,1
148571,0
148573,1
148590,0
148602,0
148632,0
148640,0
148659,0
148685,1
148688,0
148701,0
148715,0
148716,1
148754,1
148756,0
148786,1
148800,1
148801,1
148807,1
148857,0
148879,0
148883,1
148928,0
148932,0
148935,1
148955,0
148979,0
149002,1
149025,0
149026,1
149028,1
149034,0
149050,0
149116,1
149117,1
149119,0
149256,0
149307,1
149324,1
149352,0
149357,0
149360,1
149363,1
149366,1
149394,1
149433,1
149486,0
149530,1
149590,1
149623,0
149639,0
149755,1
149775,1
149777,0
149805,1
149860,0
149884,0
149887,1
149907,0
149918,0
149963,0
149985,0
150004,0
150005,0
150013,1
150024,1
150033,1
150070,0
150101,0
150128,0
150147,1
150162,0
150164,1
150165,0
150171,1
150176,1
150184,0
150202,1
150254,1
150313,0
150364,1
150391,1
150427,1
150439,1
150464,1
150501,0
150601,1
150616,1
150618,0
150629,0
150649,0
150687,0
150692,0
150765,0
150774,1
150783,1
150810,0
150812,1
150825,1
150883,0
150906,0
150910,0
150934,0
150937,1
150991,0
150996,1
151000,1
151008,1
151018,1
151027,0
151040,1
151048,0
151070,1
151071,0
151098,0
151101,1
151116,1
151192,0
151208,1
151303,0
151310,0
151315,0
151327,1
151341,1
151352,0
151389,0
151391,0
151398,0
151414,0
151419,0
151433,1
151452,1
151461,1
151499,0
151502,0
151507,1
151524,1
151537,0
151624,0
151647,0
151659,0
151675,1
151695,0
151700,0
151721,0
151729,1
151795,1
151834,1
151840,0
151855,0
151878,0
151885,1
151898,0
151955,0
151975,1
151978,0
152010,1
152031,1
152053,0
152072,0
152092,1
152114,1
152148,0
152153,1
152194,0
152209,1
152222,0
152257,1
152262,1
152353,0
152370,0
152374,0
152383,1
152385,1
152462,1
152469,0
152614,1
152619,0
152639,0
152661,0
152696,0
152820,0
152843,1
152858,1
152899,1
152901,0
152930,0
152963,0
153044,0
153058,0
153076,0
153087,0
153090,0
153150,0
153237,1
153298,1
153342,0
153383,1
153393,1
153395,1
153398,1
153420,1
153427,1
153428,0
153437,0
153481,0
153502,0
153505,1
153549,0
153578,0
153632,0
153668,0
153826,0
153841,0
153880,0
153883,1
153887,0
153889,1
153891,0
153968,1
154069,1
154099,1
154126,0
154150,1
154188,0
154205,0
154218,0
154223,0
154254,1
154338,0
154364,0
154367,1
154368,1
154376,0
154386,0
154388,0
154409,0
154423,0
154470,1
154485,0
154499,1
154548,1
154615,0
154636,1
154647,0
154664,0
154672,0
154677,1
154699,1
154739,1
154776,0
154826,0
154914,0
154949,1
155106,0
155145,0
155179,0
155209,1
155216,0
155257,1
155270,0
155301,1
155314,0
155351,0
155389,0
155396,1
155405,0
155427,1
155499,0
155531,0
155542,0
155548,0
155549,0
155571,1
155596,1
155607,1
155613,0
155647,0
155650,0
155712,1
155717,0
155734,0
155767,0
155772,1
155794,1
155796,0
155879,0
155884,1
155891,0
155894,1
155915,1
155976,1
156001,0
156011,1
156013,0
156016,0
156079,0
156115,1
156123,1
156128,1
156138,0
156143,0
156171,0
156180,0
156201,1
156229,1
156275,0
156294,0
156320,0
156378,0
156461,0
156550,1
156558,1
156582,1
156584,1
156641,1
156664,0
156671,1
156722,0
156748,1
156767,1
156777,0
156779,0
156858,1
156866,0
156870,0
156882,1
156893,0
156903,0
156908,0
156932,1
156967,0
156979,1
156989,0
157033,0
157061,0
157072,0
157075,0
157076,1
157130,1
157136,1
157250,0
157280,0
157315,0
157317,1
157324,1
157330,0
157346,1
157355,1
157360,1
157367,1
157380,0
157422,1
157434,0
157496,1
157518,1
157540,0
157584,0
157589,0
157608,0
157609,0
157636,1
157668,0
157720,1
157737,0
157738,1
157766,0
157771,1
157777,1
157810,1
157846,0
157888,0
157904,0
157932,0
157954,0
158005,1
158027,1
158044,0
158059,0
158065,1
158082,1
158100,0
158166,0
158177,1
158187,0
158199,0
158248,1
158258,1
158260,1
158303,1
158328,0
158329,1
158371,1
158387,0
158431,0
158439,0
158460,1
158522,1
158536,0
158632,1
158644,1
158693,1
158695,0
158804,0
158846,0
158867,1
158878,1
158897,1
158939,0
158951,0
158953,0
158957,0
159074,1
159075,1
159094,1
159115,1
159169,1
159193,1
159198,1
159221,0
159235,1
159245,1
159255,1
159256,0
159258,0
159380,0
159391,1
159434,0
159449,0
159475,0
159478,1
159496,1
159508,0
159530,1
159535,1
159554,1
159563,1
159630,1
159673,0
159708,1
159719,1
159764,0
159782,1
159898,0
159954,0
159956,1
159981,1
159994,0
160002,0
160025,0
160035,1
160050,0
160061,1
160069,0
160091,1
160096,0
160116,1
160136,1
160171,0
160211,0
160232,0
160246,0
160259,0
160263,1
160273,0
160289,0
160295,1
160304,0
160333,0
160339,1
160357,1
160416,0
160485,0
160532,0
160549,0
160577,0
160581,1
160583,0
160631,1
160634,1
160645,0
160676,1
160742,1
160762,0
160801,1
160884,1
160945,0
161012,0
161018,0
161071,1
161074,0
161142,1
161145,0
161146,0
161180,0
161184,1
161227,0
161246,1
161268,0
161290,1
161297,1
161302,0
161304,1
161320,0
161342,0
161386,1
161393,0
161417,0
161431,1
161443,0
161452,0
161475,1
161487,0
161503,1
161510,0
161525,0
161528,0
161534,0
161568,1
161579,0
161633,1
161646,1
161670,1
161683,1
161693,0
161695,1
161734,1
161740,0
161755,1
161793,0
161813,1
161838,1
161866,0
161935,1
161962,1
161969,0
161970,0
161974,0
161985,1
161994,1
162008,0
162023,1
162037,1
162093,1
162094,0
162124,0
162135,1
162146,1
162152,0
162158,1
162192,1
162252,1
162317,1
162332,0
162349,1
162355,1
162393,0
162394,0
162480,1
162491,0
162513,0
162517,0
162518,0
162781,1
162826,1
162856,0
162896,1
162906,1
162928,0
162950,1
162976,1
163020,1
163047,1
163052,1
163075,0
163108,0
163110,0
163140,0
163150,0
163152,0
163154,0
163184,0
163194,0
163226,1
163258,0
163291,0
163295,0
163301,0
163322,1
163324,0
163336,0
163359,1
163405,1
163471,1
163495,0
163520,1
163536,0
163558,0
163580,1
163602,0
163613,1
163621,1
163643,0
163661,0
163666,1
163694,1
163713,0
163722,0
163748,0
163762,0
163772,0
163794,0
163843,0
163979,0
163983,1
163992,0
164009,0
164038,0
164048,1
164057,1
164097,0
164133,0
164136,1
164154,0
164178,0
164197,0
164211,0
164235,1
164270,1
164273,0
164277,1
164283,0
164292,1
164312,1
164322,1
164336,1
164346,0
164412,0
164452,0
164460,1
164491,1
164501,0
164513,1
164555,0
164593,1
164612,0
164679,1
164716,0
164736,0
164751,0
164790,0
164817,0
164876,0
164929,0
164956,1
165035,0
165038,1
165083,0
165116,0
165128,0
165130,1
165162,0
165182,0
165201,1
165206,0
165213,0
165225,1
165235,1
165245,1
165279,0
165290,0
165294,0
165323,0
165347,0
165371,1
165383,0
165434,0
165458,0
165463,1
165479,1
165483,0
165499,1
165504,0
165518,0
165521,0
165556,0
165560,0
165578,0
165580,1
165590,0
165615,0
165629,0
165634,0
165763,0
165772,1
165869,0
165944,0
165961,0
166023,1
166036,1
166107,1
166130,1
166177,0
166187,0
166192,0
166216,0
166217,0
166251,0
166275,1
166301,0
166304,0
166389,0
166391,1
166468,1
166480,1
166539,1
166570,1
166573,0
166574,0
166580,1
166582,1
166595,1
166605,1
166649,1
166650,1
166682,1
166738,0
166772,0
166773,1
166791,0
166807,1
166819,0
166849,1
166859,0
166861,0
166935,0
166952,0
166982,0
167027,0
167060,0
167074,1
167112,0
167125,1
167181,1
167214,0
167225,0
167247,1
167280,0
167293,1
167311,1
167356,1
167372,0
167383,1
167406,0
167454,1
167507,1
167511,0
167530,1
167540,0
167564,1
167586,0
167607,1
167619,1
167624,0
167651,0
167691,0
167727,1
167824,0
167834,0
167885,1
167898,0
167991,1
168002,1
168016,0
168017,1
168032,0
168066,0
168120,1
168191,1
168226,0
168284,0
168309,0
168311,0
168318,1
168323,1
168346,0
168372,0
168383,1
168411,1
168412,1
168438,0
168492,1
168496,1
168511,1
168518,1
168519,1
168559,1
168592,1
168622,0
168648,0
168696,0
168750,1
168764,1
168818,0
168852,1
168866,0
168881,1
168918,0
168940,0
168966,0
168988,1
169022,0
169039,0
169098,1
169111,0
169134,0
169166,0
169219,1
169223,0
169227,0
169236,0
169253,1
169283,0
169342,0
169352,1
169368,1
169373,1
169378,1
169386,1
169434,0
169455,1
169477,1
169500,1
169532,1
169538,0
169547,0
169561,1
169577,1
169586,0
169613,0
169639,1
169643,1
169668,1
169706,0
169727,0
169729,0
169771,1
169803,1
169814,0
169824,0
169845,1
169947,1
169955,0
169978,0
170028,0
170038,0
170041,1
170042,1
170096,1
170120,0
170133,0
170171,1
170202,0
170210,0
170229,0
170237,1
170251,1
170276,1
170287,1
170298,0
170363,1
170410,1
170411,0
170430,1
170459,0
170473,1
170479,0
170497,1
170515,1
170520,0
170563,1
170564,1
170571,0
170599,0
170614,0
170631,0
170638,0
170667,1
170669,1
170676,0
170677,0
170708,0
170738,0
170740,0
170746,1
170881,1
170901,0
170944,0
170977,1
170993,0
171003,0
171035,1
171036,0
171054,1
171089,0
171140,0
171152,1
171155,1
171166,0
171197,1
171206,1
171217,0
171240,1
171274,1
171295,1
171301,0
171307,0
171322,0
171342,0
171381,0
171409,1
171421,1
171457,1
171498,1
171517,1
171525,1
171531,0
171554,0
171621,0
171657,1
171673,0
171678,0
171691,1
171706,0
171713,0
171715,0
171726,1
171767,1
171786,0
171832,0
171848,1
171924,0
171929,0
171938,1
172010,0
172011,0
172028,0
172029,0
172039,0
172042,1
172099,1
172116,0
172131,1
172253,0
172258,0
172280,1
172281,0
172295,1
172298,0
172338,0
172368,1
172409,0
172433,1
172455,1
172526,0
172558,1
172576,1
172607,0
172621,0
172629,0
172635,1
172643,0
172644,0
172650,1
172659,1
172758,1
172761,0
172764,0
172774,1
172779,1
172861,0
172893,0
172901,1
172975,0
173045,1
173111,1
173164,1
173169,0
173189,1
173230,1
173259,1
173294,0
173344,1
173358,0
173361,1
173367,0
173387,0
173404,0
173458,1
173460,1
173486,1
173509,1
173574,0
173588,0
173617,0
173633,1
173666,1
173741,0
173773,1
173819,0
173822,0
173830,1
173842,0
173849,0
173850,0
173871,0
173876,1
173912,1
173954,1
173970,0
173976,1
173983,1
174002,1
174046,1
174049,1
174075,0
174103,0
174142,0
174154,1
174157,0
174217,1
174228,0
174231,1
174248,0
174263,1
174267,0
174305,1
174358,1
174363,0
174373,0
174377,0
174400,1
174418,0
174455,1
174517,1
174531,0
174564,0
174609,0
174622,1
174646,1
174662,1
174729,0
174783,1
174816,1
174833,1
174904,1
174914,1
174958,0
174982,0
175016,1
175023,1
175070,1
175095,0
175109,1
175156,0
175163,0
175193,1
175200,1
175219,1
175243,1
175257,1
175266,0
175277,0
175300,1
175331,1
175400,0
175402,0
175403,0
175413,1
175466,1
175473,0
175478,1
175496,0
175533,1
175539,1
175576,0
175590,1
175591,0
175671,0
175696,0
175718,0
175719,1
175735,1
175744,1
175782,0
175783,1
175791,0
175796,0
175924,1
175941,0
175944,1
175968,1
175972,0
176009,1
176044,0
176059,1
176075,0
176080,1
176113,0
176122,1
176139,1
176148,1
176150,0
176184,1
176187,0
176188,0
176195,0
176197,1
176254,1
176312,1
176327,0
176371,0
176421,0
176429,0
176466,0
176478,1
176505,0
176528,1
176564,0
176605,1
176649,1
176669,0
176699,1
176707,1
176738,0
176744,0
176755,1
176763,1
176770,0
176817,1
176829,0
176854,1
176857,0
176871,1
176904,1
176931,1
176941,0
176950,1
176978,1
176993,0
176998,0
177031,0
177037,1
177060,1
177118,1
177119,0
177121,0
177165,0
177171,0
177183,0
177187,0
177216,0
177226,0
177230,0
177239,1
177246,1
177267,0
177269,1
177292,0
177316,1
177339,0
177406,0
177469,1
177473,0
177493,0
177494,1
177495,0
177527,1
177552,1
177555,0
177566,1
177569,1
177607,1
177612,0
177644,0
177647,1
177682,0
177720,1
177739,1
177784,0
177799,0
177826,1
177829,0
177868,0
177912,0
177916,0
177942,1
177946,0
177974,1
177978,1
178000,1
178022,1
178069,0
178079,1
178087,1
178088,0
178103,1
178170,0
178225,1
178254,0
178313,1
178320,0
178332,1
178338,1
178342,1
178401,1
178430,0
178445,0
178517,0
178518,0
178532,1
178536,0
178609,0
178614,1
178650,0
178707,0
178744,0
178759,0
178815,0
178823,0
178856,1
178879,0
178891,1
178909,0
178994,1
179055,1
179078,1
179112,1
179113,0
179141,0
179149,0
179164,0
179167,1
179209,1
179236,1
179258,0
179269,0
179289,1
179294,0
179302,0
179316,0
179349,0
179351,1
179360,1
179385,0
179415,0
179437,0
179460,1
179478,0
179503,0
179552,0
179577,1
179583,1
179615,1
179630,1
179632,1
179662,0
179666,1
179683,0
179709,1
179710,0
179716,0
179718,0
179739,0
179799,1
179814,0
179878,1
179879,1
179880,1
179883,1
179905,0
179933,1
179936,0
179945,0
179964,0
179971,0
179978,0
179985,1
180002,0
180027,0
180052,0
180069,1
180114,0
180134,1
180156,1
180163,0
180188,1
180219,1
180264,0
180323,0
180350,1
180371,1
180373,0
180406,1
180484,0
180500,0
180517,0
180553,1
180592,0
180602,0
180640,1
180649,0
180666,0
180688,0
180693,0
180695,1
180747,1
180764,1
180827,1
180834,1
180926,0
180937,0
181002,1
181027,1
181040,0
181056,0
181058,0
181076,0
181113,0
181125,1
181187,1
181198,1
181216,0
181224,0
181238,0
181259,1
181329,0
181330,1
181335,1
181341,1
181355,1
181356,1
181357,1
181363,0
181366,0
181375,1
181397,0
181435,0
181458,0
181460,1
181501,0
181507,0
181540,1
181562,0
181613,0
181617,0
181619,1
181625,1
181631,1
181645,0
181649,1
181726,0
181736,0
181737,1
181786,1
181795,1
181800,0
181801,0
181811,0
181812,0
181831,0
181874,0
181903,0
181904,1
181968,1
181974,1
181975,0
181984,0
181992,0
182001,0
182005,0
182066,0
182094,1
182129,0
182167,1
182183,1
182202,0
182226,0
182234,1
182236,0
182260,1
182318,1
182331,0
182334,0
182349,1
182355,1
182438,0
182601,1
182625,1
182628,0
182631,0
182682,0
182707,0
182712,1
182713,0
182731,1
182745,1
182750,1
182790,0
182796,0
182819,0
182848,0
182861,1
182887,1
182898,1
182908,0
182959,1
182962,1
182968,0
182974,1
183004,0
183079,0
183128,0
183133,1
183172,1
183187,1
183236,0
183270,0
183314,1
183335,1
183349,1
183368,1
183370,1
183442,0
183478,1
183570,1
183581,0
183596,1
183659,1
183686,1
183689,0
183709,0
183712,0
183733,0
183796,1
183823,0
183937,0
183956,1
184000,1
184023,0
184071,0
184131,1
184145,0
184156,1
184157,0
184167,0
184176,1
184186,1
184190,0
184192,0
184231,0
184243,1
184260,0
184296,1
184327,0
184368,1
184385,1
184405,1
184406,1
184444,1
184470,0
184498,0
184677,0
184679,1
184689,1
184702,1
184718,1
184720,0
184722,0
184757,0
184774,0
184788,0
184801,0
184813,0
184835,1
184840,1
184841,1
184867,0
184888,0
184893,0
184906,1
184945,1
184946,1
184965,1
184990,1
185013,0
185023,0
185035,0
185078,1
185085,1
185093,1
185106,0
185137,0
185158,1
185169,0
185187,0
185195,0
185198,1
185287,1
185289,0
185303,1
185322,1
185346,1
185371,0
185411,0
185413,1
185423,0
185435,0
185446,0
185474,0
185497,0
185535,0
185536,0
185574,1
185608,1
185644,1
185683,0
185690,0
185771,1
185787,1
185818,0
185856,0
185947,0
185954,0
185979,0
185987,0
185988,0
185994,1
186039,0
186041,0
186059,0
186072,1
186115,1
186118,0
186126,0
186136,1
186154,1
186159,0
186184,1
186205,0
186225,1
186232,0
186269,1
186278,1
186330,0
186331,0
186363,1
186365,0
186405,0
186418,1
186432,0
186446,0
186465,0
186479,0
186486,1
186496,0
186512,1
186592,0
186620,0
186648,0
186654,1
186678,1
186697,1
186724,0
186760,0
186779,1
186783,1
186811,0
186820,0
186848,1
186850,1
186885,0
186890,1
186911,0
186930,1
186963,0
186969,1
186993,0
187043,1
187055,1
187065,1
187067,0
187124,0
187141,1
187164,0
187166,0
187178,0
187201,1
187231,0
187246,0
187257,0
187293,1
187343,0
187355,0
187357,1
187449,1
187495,0
187511,0
187517,0
187525,1
187662,1
187679,1
187695,1
187810,1
187831,0
187835,0
187837,1
187908,0
187952,1
187964,0
187998,0
188042,0
188046,1
188065,0
188071,1
188134,1
188148,0
188161,0
188213,1
188224,1
188231,0
188242,1
188251,1
188270,1
188286,1
188295,1
188301,0
188339,1
188370,0
188375,1
188390,0
188414,1
188421,0
188430,1
188446,0
188457,1
188480,0
188502,0
188507,0
188535,1
188548,0
188573,1
188578,1
188590,1
188603,1
188629,1
188633,1
188644,1
188676,1
188684,0
188689,1
188793,0
188828,1
188853,0
188887,1
188892,0
188936,1
189113,0
189127,1
189191,1
189217,1
189221,0
189224,0
189235,1
189288,1
189293,1
189322,0
189371,0
189374,1
189377,0
189386,1
189390,0
189391,0
189407,1
189432,1
189446,1
189464,1
189515,0
189532,0
189552,1
189597,0
189598,0
189620,1
189624,0
189626,1
189633,0
189639,1
189657,1
189671,1
189705,1
189734,1
189807,1
189811,0
189824,0
189847,1
189852,0
189897,1
189941,0
189954,0
190010,0
190048,1
190073,1
190075,0
190112,1
190125,1
190162,1
190172,1
190177,0
190182,1
190187,1
190232,1
190243,0
190245,1
190257,1
190278,1
190306,1
190325,1
190338,0
190390,1
190414,1
190422,1
190451,0
190472,0
190481,0
190482,1
190490,1
190515,0
190574,1
190629,1
190630,1
190663,0
190679,1
190680,0
190684,0
190691,0
190704,1
190716,1
190725,0
190738,0
190749,1
190851,0
190859,0
190927,0
190942,0
190947,0
190966,0
190969,1
190976,0
191051,0
191056,0
191061,1
191063,1
191067,0
191096,1
191118,1
191124,0
191255,1
191260,1
191326,1
191364,0
191392,1
191473,0
191481,1
191491,0
191494,0
191500,1
191501,1
191528,1
191539,0
191557,1
191577,0
191598,1
191654,1
191678,0
191693,0
191726,1
191735,0
191817,0
191823,0
191849,1
191875,1
191896,0
191897,1
191943,1
191961,1
192034,1
192049,0
192085,1
192088,0
192112,1
192123,1
192149,1
192164,1
192178,0
192192,1
192207,0
192236,1
192260,0
192342,1
192343,1
192353,0
192357,0
192383,1
192393,1
192395,1
192396,0
192449,1
192476,1
192483,0
192513,1
192547,1
192584,0
192599,1
192600,1
192628,0
192656,0
192676,0
192678,1
192688,1
192689,0
192729,1
192747,0
192755,0
192818,0
192841,1
192859,0
192898,0
192910,0
192911,0
192926,0
192943,0
193015,1
193028,0
193068,1
193090,0
193093,1
193176,0
193184,0
193278,1
193294,1
193332,0
193376,1
193396,1
193444,1
193502,1
193509,1
193579,0
193628,0
193671,1
193735,0
193769,1
193771,0
193803,1
193834,0
193889,0
193913,1
193916,1
193932,1
193946,0
193964,0
193982,0
193993,0
194007,1
194021,0
194035,1
194057,1
194063,1
194080,1
194099,0
194100,0
194121,0
194148,0
194167,1
194175,1
194177,1
194190,0
194220,0
194245,1
194289,1
194291,1
194312,0
194330,0
194338,0
194343,1
194348,0
194353,0
194373,1
194411,1
194413,0
194416,1
194450,0
194555,1
194601,0
194607,0
194642,0
194678,0
194694,0
194695,1
194714,1
194746,1
194749,1
194750,1
194790,1
194794,0
194796,0
194802,0
194851,0
194923,0
194946,1
194949,1
194952,1
195015,1
195020,0
195064,0
195067,1
195083,0
195099,0
195109,1
195134,1
195136,1
195144,1
195146,0
195159,0
195163,0
195191,1
195200,0
195212,1
195244,0
195285,1
195300,1
195331,0
195364,0
195374,1
195408,0
195429,0
195569,0
195601,0
195623,0
195642,0
195650,0
195668,1
195674,1
195680,0
195695,1
195706,1
195765,0
195767,0
195780,1
195797,0
195799,1
195837,0
195877,0
195921,0
195947,0
195953,1
195964,1
196044,0
196048,0
196070,1
196103,1
196107,0
196123,1
196127,0
196167,1
196191,0
196198,1
196217,1
196224,0
196274,0
196304,1
196319,0
196327,1
196332,0
196398,1
196454,0
196466,1
196517,0
196567,0
196599,1
196601,1
196602,1
196664,1
196713,1
196717,0
196720,0
196724,1
196785,1
196786,0
196826,0
196848,0
196856,0
196913,0
196933,1
196945,0
196952,1
196961,0
196986,1
197012,0
197035,1
197037,1
197052,0
197057,1
197085,1
197109,0
197124,1
197158,1
197175,0
197180,1
197187,0
197202,0
197229,1
197233,1
197250,0
197264,1
197274,0
197289,1
197305,1
197314,0
197319,0
197365,0
197367,1
197371,0
197372,1
197373,0
197377,0
197386,1
197389,0
197407,0
197417,1
197419,1
197442,1
197504,1
197507,1
197556,1
197597,0
197626,0
197660,1
197678,0
197709,1
197712,1
197715,1
197734,0
197795,0
197802,1
197822,1
197841,0
197843,1
197884,0
197886,1
197899,1
197980,1
197989,0
198032,1
198033,0
198054,0
198155,0
198171,0
198173,0
198189,0
198217,0
198334,0
198352,1
198390,1
198449,0
198451,1
198487,0
198519,1
198571,1
198601,0
198651,0
198680,1
198771,1
198815,1
198824,1
198848,0
198866,0
198873,0
198965,1
198988,1
199002,0
199008,0
199022,1
199127,1
199136,0
199153,0
199161,0
199177,0
199189,1
199248,0
199249,0
199273,1
199327,0
199361,1
199366,1
199392,1
199395,1
199420,0
199507,1
199546,0
199560,0
199566,1
199617,0
199623,1
199641,0
199710,1
199716,1
199765,0
199819,0
199844,1
199878,0
199881,1
199901,0
199950,0
199952,0
199962,1
199981,1
199982,0
199991,0
200003,1
200021,0
200039,0
200057,0
200067,1
200073,0
200074,1
200080,0
200126,0
200194,1
200200,1
200229,1
200237,0
200253,1
200290,1
200306,0
200321,1
200359,1
200370,1
200373,0
200384,0
200423,1
200424,0
200426,0
200435,1
200441,0
200490,0
200516,1
200521,1
200562,0
200575,1
200586,0
200594,0
200599,1
200627,0
200661,1
200762,1
200796,1
200802,1
200810,0
200828,1
200839,0
200893,1
200901,0
200971,0
201058,1
201085,0
201175,0
201185,1
201188,1
201214,1
201215,0
201256,0
201271,1
201292,1
201302,1
201408,0
201441,0
201451,0
201496,1
201521,1
201564,0
201597,0
201612,1
201670,1
201707,0
201711,1
201721,1
201740,0
201746,0
201751,1
201771,0
201793,1
201833,1
201837,1
201859,0
201875,1
201900,0
201954,1
201967,0
201968,1
201978,1
202031,1
202038,0
202113,1
202122,0
202126,1
202136,0
202179,0
202183,1
202210,0
202217,1
202274,1
202357,1
202388,0
202389,0
202415,1
202425,0
202433,0
202457,1
202465,0
202541,1
202546,0
202553,0
202628,0
202642,1
202682,1
202687,0
202758,1
202798,1
202807,0
202906,0
202912,0
202955,0
203049,0
203073,0
203100,0
203154,1
203167,0
203221,1
203271,1
203321,1
203407,1
203434,1
203495,0
203498,0
203507,1
203512,1
203520,0
203525,1
203571,1
203583,0
203601,1
203639,1
203658,1
203664,1
203721,1
203749,1
203768,1
203915,1
203932,0
203936,1
203938,0
203957,0
203966,0
204010,1
204060,0
204069,1
204117,0
204141,0
204172,1
204196,0
204225,1
204273,1
204311,0
204315,0
204329,1
204393,0
204395,0
204399,0
204401,0
204403,0
204408,1
204456,1
204457,1
204476,0
204545,1
204651,1
204658,1
204662,0
204664,1
204665,0
204692,1
204725,0
204738,0
204811,0
204826,0
204837,0
204870,1
204903,1
204912,0
204916,1
204928,1
205028,1
205047,1
205059,0
205079,1
205127,0
205137,0
205198,1
205209,0
205213,0
205230,0
205231,0
205233,1
205244,1
205266,0
205269,0
205285,1
205341,1
205373,0
205501,1
205581,0
205598,0
205644,0
205652,1
205698,0
205819,0
205838,0
205860,0
205924,0
205994,0
206002,0
206016,0
206056,1
206070,0
206110,1
206137,1
206166,1
206169,1
206172,0
206188,1
206206,1
206220,0
206223,0
206236,0
206269,0
206280,1
206291,1
206331,0
206335,0
206346,0
206351,1
206356,1
206392,0
206401,0
206421,1
206439,0
206458,1
206509,0
206534,1
206543,1
206591,0
206624,1
206642,1
206643,1
206660,1
206699,1
206709,1
206717,0
206790,1
206801,0
206823,0
206826,1
206836,1
206866,0
206880,1
206902,0
206937,0
206976,0
207231,0
207239,0
207271,1
207300,0
207310,0
207346,0
207374,1
207375,0
207386,1
207402,1
207429,0
207453,1
207475,0
207489,0
207499,1
207525,1
207551,0
207597,0
207629,1
207652,1
207668,1
207684,0
207701,1
207713,1
207732,0
207767,0
207782,1
207806,0
207811,1
207838,0
207848,1
207849,0
207856,0
207862,0
207883,0
207899,0
207910,1
207919,0
207928,1
207956,0
207964,1
207967,1
207981,0
208012,0
208013,1
208025,0
208037,1
208045,1
208047,1
208053,1
208091,1
208108,0
208142,0
208153,0
208158,1
208161,1
208202,1
208210,0
208228,1
208239,1
208247,1
208270,1
208273,0
208287,1
208318,1
208322,1
208328,0
208362,0
208374,1
208400,1
208404,0
208410,1
208413,0
208433,1
208466,1
208470,0
208484,0
208512,1
208534,0
208536,0
208580,0
208587,0
208592,1
208604,1
208609,1
208612,1
208660,0
208678,0
208700,1
208717,1
208722,0
208767,1
208776,1
208802,0
208805,1
208826,1
208907,1
208923,0
208925,0
208938,1
208943,0
208983,1
208993,0
208997,0
209060,1
209072,0
209088,0
209096,0
209105,0
209147,0
209162,0
209174,0
209186,0
209218,0
209241,1
209259,1
209262,0
209268,0
209294,1
209300,0
209331,0
209347,0
209353,0
209355,1
209385,1
209404,0
209409,0
209413,1
209444,1
209467,1
209516,0
209558,1
209566,1
209599,0
209604,1
209643,0
209644,1
209651,1
209661,1
209672,0
209728,0
209787,1
209809,0
209815,0
209830,1
209842,1
209911,0
209930,1
209946,1
209975,1
210037,0
210078,0
210085,0
210112,1
210126,0
210204,0
210221,1
210231,0
210266,1
210282,0
210309,0
210331,0
210367,0
210371,0
210387,1
210455,1
210520,0
210528,0
210578,0
210596,0
210610,1
210652,1
210730,0
210744,1
210748,1
210765,0
210782,0
210784,0
210806,0
210842,0
210845,0
210926,0
210980,0
211003,1
211007,1
211009,0
211019,0
211060,0
211073,1
211085,0
211145,1
211149,0
211205,0
211235,1
211254,0
211257,0
211282,1
211285,0
211331,1
211337,1
211343,0
211350,0
211364,1
211420,1
211493,0
211518,1
211530,0
211569,0
211599,1
211629,0
211659,0
211665,0
211684,0
211697,0
211700,0
211704,1
211714,1
211725,0
211754,0
211756,0
211786,1
211794,1
211819,1
211919,1
211922,1
211929,1
211987,0
212028,1
212117,1
212147,0
212174,0
212306,0
212314,1
212324,0
212328,0
212335,0
212378,1
212402,1
212409,1
212414,1
212438,1
212494,1
212504,0
212528,1
212545,1
212577,1
212589,1
212617,0
212642,0
212652,1
212658,1
212712,1
212720,1
212775,0
212782,1
212797,1
212815,0
212819,0
212842,1
212845,0
212861,1
212878,0
212935,0
212937,1
212943,1
212982,0
213044,0
213060,0
213096,0
213100,1
213135,0
213155,1
213171,1
213187,1
213195,1
213252,1
213257,0
213266,1
213291,0
213294,1
213401,1
213423,0
213442,1
213503,1
213525,1
213564,0
213611,0
213666,1
213670,0
213678,1
213699,1
213713,0
213770,1
213798,1
213811,0
213823,1
213827,0
213855,0
213864,0
213899,0
213914,0
213939,1
213977,1
214032,1
214067,0
214082,1
214099,1
214106,0
214115,1
214134,0
214146,1
214181,0
214192,0
214210,0
214275,0
214297,0
214306,0
214314,1
214332,0
214349,0
214389,1
214399,1
214414,1
214426,0
214488,1
214519,0
214582,1
214602,0
214612,0
214633,0
214689,1
214760,0
214797,0
214807,1
214815,0
214836,1
214858,0
214882,1
214913,0
214929,0
214952,0
214995,0
215002,1
215035,1
215051,0
215132,1
215180,0
215192,1
215246,0
215252,0
215284,0
215292,0
215406,1
215454,0
215460,0
215466,1
215472,0
215490,1
215521,1
215562,0
215565,1
215585,0
215622,0
215629,1
215657,0
215691,1
215701,1
215703,0
215788,1
215798,1
215808,0
215851,0
215856,1
215866,0
215901,1
215907,1
215931,1
215942,0
215961,0
216006,1
216011,0
216021,1
216026,1
216027,1
216029,1
216031,0
216050,1
216054,0
216124,0
216192,1
216238,1
216322,1
216395,1
216397,1
216416,0
216424,0
216451,1
216460,0
216497,1
216507,1
216527,1
216569,1
216573,0
216594,1
216603,1
216642,1
216686,1
216712,0
216726,0
216729,0
216769,1
216775,1
216805,0
216833,0
216856,0
216903,1
216915,1
216935,1
216990,0
216995,0
217016,1
217067,0
217081,0
217092,0
217096,1
217161,1
217198,1
217207,1
217258,1
217280,0
217292,0
217302,0
217315,1
217328,1
217333,0
217358,1
217379,0
217393,0
217406,0
217425,0
217439,0
217441,0
217465,0
217484,1
217496,0
217501,1
217523,0
217583,1
217613,1
217614,1
217624,0
217702,0
217714,1
217755,1
217768,0
217832,1
217867,1
217872,1
217920,1
217928,1
217940,1
217960,0
218040,0
218043,1
218078,1
218102,1
218131,1
218153,0
218166,1
218179,0
218197,1
218213,0
218214,1
218217,1
218221,1
218226,0
218262,0
218284,0
218294,0
218312,0
218342,0
218357,1
218360,0
218361,1
218388,0
218395,0
218422,1
218486,1
218584,0
218599,0
218659,1
218676,1
218677,0
218688,0
218692,0
218737,0
218739,0
218758,0
218815,1
218838,0
218870,1
218887,0
218891,1
218898,1
218928,0
218978,1
219046,0
219062,0
219127,0
219146,0
219149,0
219152,1
219170,1
219179,1
219234,1
219236,1
219251,0
219261,0
219266,0
219287,0
219306,1
219363,0
219364,0
219370,0
219396,1
219407,1
219414,1
219416,0
219443,1
219487,0
219521,0
219528,1
219539,0
219595,0
219598,1
219631,1
219639,0
219646,0
219686,1
219717,0
219744,1
219802,0
219887,0
219888,1
219897,0
219945,1
219961,1
219965,0
219971,0
219988,1
220001,0
220029,1
220080,0
220094,0
220111,0
220116,0
220153,1
220168,1
220211,1
220230,1
220248,0
220275,0
220306,0
220331,1
220422,1
220428,0
220469,1
220495,1
220609,0
220618,1
220620,1
220626,0
220632,0
220633,0
220639,1
220691,1
220734,1
220736,0
220752,1
220788,0
220793,0
220821,1
220854,0
220865,1
220866,0
220873,0
220878,0
220894,1
220947,0
221017,1
221044,1
221089,1
221090,1
221092,1
221147,1
221166,0
221237,0
221259,1
221276,0
221279,1
221294,1
221316,1
221325,0
221347,0
221349,0
221377,1
221462,1
221520,1
221565,1
221567,0
221570,0
221596,0
221704,1
221707,1
221742,0
221917,0
221975,0
221982,1
221991,1
222030,0
222043,0
222069,0
222078,0
222088,1
222131,1
222215,1
222234,0
222275,1
222295,0
222305,1
222331,1
222365,0
222366,0
222368,1
222454,0
222492,1
222525,1
222564,0
222645,0
222668,1
222669,1
222677,1
222693,1
222720,1
222750,1
222755,0
222757,0
222761,0
222784,0
222795,0
222829,1
222878,0
222879,0
222892,1
222895,1
222905,1
222963,0
222996,1
223007,1
223011,0
223016,1
223025,1
223031,1
223098,1
223125,0
223188,1
223194,1
223215,1
223237,0
223240,1
223251,0
223260,0
223292,0
223326,1
223330,0
223360,1
223369,1
223384,1
223409,1
223419,0
223458,1
223474,1
223477,0
223502,1
223505,0
223521,0
223532,0
223539,1
223567,0
223599,1
223647,0
223766,0
223825,1
223835,0
223878,0
223884,1
223897,1
223922,0
223937,1
223987,0
224045,0
224055,0
224105,1
224157,0
224216,1
224240,1
224249,0
224250,0
224259,0
224276,1
224303,1
224304,0
224307,0
224309,1
224327,0
224357,0
224373,1
224374,0
224395,1
224402,0
224471,0
224516,1
224522,1
224529,1
224539,1
224540,0
224561,0
224583,0
224610,0
224711,1
224771,0
224804,0
224866,0
224879,1
224897,1
224927,1
224936,0
224937,1
224995,1
224999,0
225015,1
225082,1
225156,1
225178,0
225201,0
225263,1
225292,0
225308,0
225348,0
225389,0
225431,1
225450,0
225517,1
225519,0
225570,0
225577,1
225602,0
225685,0
225693,1
225733,0
225812,0
225814,1
225825,1
225827,1
225838,0
225848,1
225885,0
225892,0
225910,0
225935,0
225971,0
225978,1
225989,0
226000,0
226057,1
226062,1
226083,0
226176,0
226204,1
226207,0
226215,0
226218,0
226227,1
226253,0
226269,1
226273,1
226294,0
226307,0
226322,0
226344,1
226345,0
226359,0
226362,1
226370,1
226421,0
226434,1
226454,1
226482,0
226497,0
226579,0
226587,1
226628,1
226632,0
226654,0
226657,0
226686,0
226750,0
226769,0
226784,1
226788,0
226822,1
226824,0
226839,0
226935,0
226960,0
226966,1
227015,0
227095,0
227118,0
227125,0
227127,0
227135,1
227149,1
227151,1
227168,1
227174,1
227180,0
227201,1
227226,1
227238,0
227287,1
227289,0
227308,1
227311,0
227323,1
227327,0
227350,0
227395,0
227407,0
227412,0
227418,0
227446,0
227469,1
227473,0
227488,0
227490,1
227502,0
227550,0
227556,0
227589,0
227613,1
227711,0
227720,0
227738,0
227754,1
227795,0
227903,1
227925,1
227936,0
227947,0
227951,0
228004,1
228046,0
228076,1
228094,0
228150,0
228155,1
228179,0
228239,0
228240,1
228272,0
228279,1
228322,0
228332,1
228335,1
228354,0
228390,1
228475,0
228485,0
228588,0
228603,0
228632,0
228716,1
228752,0
228755,1
228773,1
228806,0
228814,0
228818,1
228837,1
228887,1
228964,0
229004,0
229006,1
229010,1
229075,1
229085,0
229090,0
229120,1
229127,0
229169,1
229196,0
229199,1
229204,1
229207,0
229224,0
229290,0
229354,0
229408,0
229426,0
229460,1
229484,1
229488,0
229529,1
229533,0
229566,1
229606,0
229640,0
229695,0
229702,0
229750,1
229834,1
229897,0
229911,0
229938,1
229957,1
229997,0
230024,0
230054,1
230070,0
230091,0
230127,1
230142,0
230158,0
230168,1
230169,1
230184,0
230202,0
230205,0
230320,1
230334,0
230374,1
230426,0
230501,1
230536,1
230543,1
230554,0
230582,1
230624,0
230627,0
230637,1
230683,1
230696,0
230708,1
230714,0
230731,0
230736,0
230742,1
230771,1
230785,0
230800,0
230829,1
230838,0
230846,1
230872,0
230894,1
230918,1
230923,0
230938,1
230976,0
231008,0
231033,1
231073,0
231075,0
231123,0
231146,0
231149,0
231154,0
231181,0
231201,1
231202,1
231213,0
231232,0
231274,0
231300,1
231344,0
231364,1
231397,1
231426,0
231432,0
231454,0
231477,1
231481,1
231530,0
231536,1
231576,1
231579,0
231607,1
231627,0
231688,0
231695,1
231708,0
231723,1
231760,0
231766,0
231771,1
231774,0
231784,0
231862,0
231872,0
231887,1
231956,0
231963,1
231967,0
231992,1
232021,1
232042,1
232062,1
232067,0
232073,1
232075,0
232078,0
232086,1
232154,0
232155,0
232156,1
232164,0
232172,0
232173,1
232179,0
232188,1
232204,1
232213,0
232224,1
232240,1
232261,1
232302,1
232344,1
232347,1
232359,0
232388,0
232389,0
232405,1
232423,1
232426,1
232458,1
232476,1
232477,0
232491,1
232501,0
232514,0
232560,0
232651,0
232655,0
232666,0
232672,0
232702,0
232760,0
232798,0
232818,0
232857,0
232869,1
232874,0
232886,1
232888,0
232914,1
232920,0
232953,0
232982,0
233013,1
233022,1
233066,0
233072,1
233118,1
233145,0
233155,0
233171,1
233211,1
233240,0
233286,1
233298,1
233319,0
233325,1
233326,1
233332,0
233340,1
233349,1
233362,0
233365,1
233377,1
233405,0
233416,1
233425,0
233467,1
233487,0
233492,1
233525,0
233591,0
233611,1
233619,1
233639,1
233649,1
233651,0
233670,1
233671,0
233677,0
233720,0
233783,1
233788,0
233795,1
233822,1
233840,0
233891,0
233893,0
233899,0
233903,0
233922,0
233936,1
233964,1
233968,1
233977,0
233996,0
234005,1
234006,0
234048,1
234049,0
234076,0
234093,1
234101,0
234148,0
234164,1
234170,0
234200,0
234206,1
234232,0
234236,0
234283,0
234336,1
234350,0
234358,1
234363,0
234482,0
234516,1
234520,0
234527,0
234563,0
234570,0
234576,0
234599,1
234623,1
234643,1
234657,0
234673,1
234694,0
234695,0
234730,0
234752,1
234754,0
234769,1
234797,0
234813,0
234835,1
234838,0
234860,0
234879,1
234968,0
235018,1
235030,0
235072,1
235093,0
235096,1
235102,1
235151,0
235202,0
235262,0
235287,0
235314,1
235368,1
235394,0
235396,1
235397,1
235433,0
235436,0
235470,0
235543,1
235554,1
235590,0
235595,1
235597,0
235630,0
235636,0
235694,1
235718,0
235733,0
235740,1
235770,0
